ticket_id,feature_id,source,created_at,customer_tier,text
T00531,F010,Sales Call Notes,2026-07-23,SMB,"Honestly, no documentation for Legacy PDF Report Exporter, onboarding new reps is hard."
T01332,F036,Jira Service Desk,2026-07-09,Enterprise,"FYI: onboarding to Social Media Scheduler is painful, the tutorial skips important steps."
T00169,F003,Sales Call Notes,2025-10-20,SMB,Loading Email Sync is painfully slow for customer success.
T00136,,NPS Survey,2025-12-12,SMB,The help articles for Email Sync don't match the current UI. Please advise.
T00439,,Zendesk,2026-04-05,Mid-Market,"FYI: love Custom Report Builder, it cut our reporting time in half. Rated 3/5."
T01371,,NPS Survey,2025-11-21,Mid-Market,We keep getting random errors across the platform.
T01308,F036,Sales Call Notes,2026-04-06,Enterprise,"Hi team, Social Media Scheduler just works, very reliable."
T00240,F004,NPS Survey,2026-01-16,Enterprise,FYI: Calendar Integration is core to how we run our pipeline reviews.
T00484,F009,Sales Call Notes,2026-08-11,SMB,"Great job on Revenue Forecasting, it's the best part of the product. Raised by our account manager."
T00301,F006,Jira Service Desk,2026-05-08,Mid-Market,"Quick feedback: Activity Timeline is critical for the finance team, it's the main reason we renewed. Please advise."
T00519,F010,Community Forum,2026-01-27,Mid-Market,"Honestly, Legacy PDF Report Exporter seems irrelevant to how we work, nobody uses it."
T00362,F007,Community Forum,2025-12-09,Enterprise,Is there a way to switch off Custom Report Builder for the finance team? It's unnecessary.
T00693,F017,Zendesk,2026-03-23,Enterprise,"Honestly, loading Salesforce Bi-directional Sync is painfully slow for the inside sales team. This is blocking our team."
T01577,F041,Sales Call Notes,2025-12-09,Mid-Market,"It's unintuitive how Business Card Scanner is organised, we keep getting lost. Please advise."
T00916,F024,Zendesk,2026-03-01,Mid-Market,"Hi team, honestly nobody on our team uses Internal Wiki."
T00066,F002,G2 Review,2026-06-15,Enterprise,"Thanks to Deal Pipeline, the inside sales team spend far less time on manual work."
T00031,F001,Community Forum,2026-03-19,SMB,"FYI: we use Notion instead, so Contact Management is redundant. Raised by our account manager."
T01055,F028,Jira Service Desk,2026-03-23,Mid-Market,"We rely on SSO / SAML every day, can't imagine working without it. This is blocking our team."
T00372,,Jira Service Desk,2026-02-01,Enterprise,Ticket from admin: Custom Report Builder is essential to our daily workflow. Rated 3/5.
T00325,F006,Zendesk,2025-10-01,SMB,Activity Timeline is core to how we run our pipeline reviews.
T01160,F029,G2 Review,2026-05-28,SMB,"Hi team, please extend Role-based Permissions with role-level visibility, we'd use it even more."
T00592,F011,NPS Survey,2025-11-13,SMB,It takes way too many clikcs to do anything in Pivot Table Explorer. Thanks!
T01556,F040,Jira Service Desk,2026-05-05,Enterprise,Ticket from admin: I don't know anyone who actually uses Offline Mode. Any update on this?
T01157,F029,Community Forum,2026-05-02,SMB,Loading Role-based Permissions is painfully slow for our admins. Rated 3/5.
T00030,,Zendesk,2026-03-23,Mid-Market,"Ticket from admin: love Contact Management, it cut our reporting time in half. Any update on this?"
T01032,F027,NPS Survey,2026-02-21,Mid-Market,"Gamification Leaderboards is critical for the inside sales team, it's the main reason we renewed. This is blocking our team."
T00544,F010,Sales Call Notes,2026-06-13,Enterprise,Loading Legacy PDF Report Exporter is painfully slow for our sales reps.
T00811,F020,G2 Review,2025-10-08,SMB,"FYI: it's unintuitive how Legacy SOAP API is organised, we keep getting lost."
T00307,F006,Zendesk,2026-04-16,Mid-Market,"Honestly, great job on Activity Timeline, it's the best part of the product. Any update on this?"
T01589,F042,Jira Service Desk,2025-11-08,Enterprise,"No documentation for Territory Management, onboarding new reps is hard. This is blocking our team."
T00071,,G2 Review,2026-02-20,Enterprise,Export from Deal Pipeline timed out after 10 minutes.
T00395,F007,NPS Survey,2026-07-06,Enterprise,Custom Report Builder duplicates what Notion already does. Any update on this?
T01331,F036,Zendesk,2026-03-19,SMB,Quick feedback: the menu is bloated with things like Social Media Scheduler. Thanks!
T01594,F042,G2 Review,2026-08-23,Enterprise,"Quick feedback: Territory Management is sluggish during peak hours, pages take ages to render."
T01470,F039,Zendesk,2026-01-23,Mid-Market,"mobile app is sluggish during peak hours, pages take ages to render. this is blocking our team."
T00535,F010,Zendesk,2025-12-05,Mid-Market,"Hi team, Legacy PDF Report Exporter overlaps with our existing tools, it's redundant for us. Rated 3/5."
T00523,F010,Zendesk,2026-02-28,Enterprise,Requests to Legacy PDF Report Exporter time out when we have more than 25k records. This is blocking our team.
T00238,F004,Sales Call Notes,2026-05-12,Enterprise,"Honestly, Calendar Integration saves our sales reps hours every week. Any update on this?"
T01318,F036,G2 Review,2026-04-07,Enterprise,"Honestly, requests to Social Media Scheduler time out when we have more than a million records. Please advise."
T00174,F003,G2 Review,2025-11-27,SMB,"Honestly, great job on Email Sync, it's the best part of the product. Thanks!"
T00260,F005,Jira Service Desk,2026-06-18,Mid-Market,"Hi team, can't figure out where to find the settings in Lead Scoring."
T00498,F010,Jira Service Desk,2026-04-24,Mid-Market,I don't know anoyne who actually uses Legacy PDF Report Exporter.
T00571,F011,Sales Call Notes,2026-06-08,Mid-Market,"Hi team, Pivot Table Explorer duplicates what HubSpot already does. Any update on this?"
T00024,F001,Zendesk,2025-09-07,Mid-Market,Ticket from admin: Contact Management is a huge time saver for us.
T00368,F007,Zendesk,2026-07-26,SMB,"Custom Report Builder is confusing, the navigation makes no sense to our sales reps. Any update on this?"
T00033,F001,Zendesk,2026-01-10,Mid-Market,"Honestly, Contact Management is critical for RevOps, it's the main reason we renewed. Please advise."
T00433,F007,Zendesk,2025-09-18,Mid-Market,"Hard to find anything in Custom Report Builder, the menus are confusing. Raised by our account manager."
T00100,F002,Zendesk,2025-11-18,Enterprise,"Quick feedback: really happy with Deal Pipeline, it works well for customer success."
T00694,F017,NPS Survey,2026-05-28,SMB,"Simple tasks in Salesforce Bi-directional Sync need six or seven steps, very clunky workflow."
T01356,F038,Sales Call Notes,2026-07-21,Mid-Market,"Web Forms is critical for our managers, it's the main reason we renewed. Thanks!"
T00938,F025,Community Forum,2025-11-11,Enterprise,"Hello, too many steps and clicks in Video Meeting Recorder just to switch accounts. This is blocking our team."
T01115,F029,G2 Review,2026-08-25,Mid-Market,"Hard to find anything in Role-based Permissions, the menus are confusing. This is blocking our team."
T01534,F040,Jira Service Desk,2025-11-08,Mid-Market,Quick feedback: loading Offline Mode is painfully slow for the marketing team.
T00399,F007,Zendesk,2026-01-06,Mid-Market,"Honestly, hard to read Custom Report Builder on mobile, text is cut off. This is blocking our team."
T00980,F026,Jira Service Desk,2025-12-02,SMB,"Shared Notes is critical for the finance team, it's the main reason we renewed. This is blocking our team."
T01088,F029,Zendesk,2025-09-25,SMB,"FYI: sync errors in Role-based Permissions, records are missing or duplicated. Raised by our account manager."
T00252,F004,Zendesk,2026-06-23,Mid-Market,Export from Calendar Integration timed out after 10 minutes. Please advise.
T00345,F007,Zendesk,2025-10-12,Mid-Market,"It's unintuitive how Custom Report Builder is organised, we keep getting lost."
T00568,F011,Community Forum,2026-05-24,Mid-Market,How do we turn off Pivot Table Explorer? Our users find it distracting. Any update on this?
T00874,F023,Zendesk,2025-11-30,SMB,"Hi team, can't figure out where to find the settings in Team Inbox."
T00904,F023,Sales Call Notes,2026-03-28,Enterprise,"Hi team, Team Inbox is essential to our daily workflow."
T00070,F002,Zendesk,2026-06-04,Mid-Market,"Hello, Deal Pipeline is fantastic and really valuable for our business. Raised by our account manager."
T01089,F029,G2 Review,2026-03-15,SMB,Role-based Permissions stopped syncing for RevOps after the update.
T01042,F028,Sales Call Notes,2025-11-13,Enterprise,SSO / SAML hits a timeout whenever customer success load a big account. Please advise.
T00756,F018,Sales Call Notes,2026-05-30,Mid-Market,"Quick feedback: thanks to Slack Notifications, customer success spend far less time on manual work. Rated 3/5."
T00060,F002,G2 Review,2026-05-06,Mid-Market,"Deal Pipeline just works, very reliable. This is blocking our team."
T01399,F038,G2 Review,2026-01-30,Enterprise,"Love Web Forms, it cut our reporting time in half. Thanks!"
T00298,F006,Zendesk,2026-03-30,SMB,Would love Activity Timeline to also support multi-currency. Any update on this?
T00765,,Community Forum,2025-12-21,Mid-Market,"Hello, Slack Notifications is a huge time saver for us. This is blocking our team."
T00614,F013,G2 Review,2026-08-25,Mid-Market,Honestly nobody on our team uses AI Email Assistant.
T01300,,NPS Survey,2026-03-15,SMB,"Landing Page Builder is critical for customer success, it's the main reason we renewed."
T00650,,NPS Survey,2026-01-19,Enterprise,"Hi team, sync errors in Chatbot Builder v1, records are missing or duplicated."
T01079,F029,Community Forum,2026-01-13,Mid-Market,"Hello, Role-based Permissions is essential to our daily workflow."
T00185,F003,Sales Call Notes,2026-05-09,Mid-Market,"Hello, it's unintuitive how Email Sync is organised, we keep getting lost."
T00678,F017,Community Forum,2025-12-07,Mid-Market,salesforce bi-directional sync hits a timeout whenever the finance team load a big account. thanks!
T01150,F029,G2 Review,2025-10-14,Enterprise,Role-based Permissions times out on large datasets. Please advise.
T01526,F039,Zendesk,2026-05-04,Enterprise,"Sync errors in Mobile App, records are missing or duplicated. Any update on this?"
T00421,F007,Zendesk,2026-03-23,Mid-Market,"Sync errors in Custom Report Builder, records are missing or duplicated."
T00942,F025,Zendesk,2025-12-16,Mid-Market,"Honestly, Video Meeting Recorder is fantastic and really valuable for our business."
T01299,,Community Forum,2025-10-21,Enterprise,"hi team, too many steps and clicks in landing page builder just to add a filter. rated 3/5."
T00705,F017,NPS Survey,2025-10-31,SMB,Salesforce Bi-directional Sync hits a timeout whenever RevOps load a big account. Please advise.
T01424,,G2 Review,2025-11-17,Enterprise,"Too many features we never use, the product feels bloated."
T01446,F039,Sales Call Notes,2025-10-21,Enterprise,"Hi team, hard to read Mobile App on mobile, text is cut off."
T01233,F034,NPS Survey,2026-07-18,SMB,Email Campaigns is core to how we run our pipeline reviews. Thanks!
T00753,F018,Community Forum,2026-03-26,SMB,"Ticket from admin: we use HubSpot instead, so Slack Notifications is redundant. This is blocking our team."
T01601,F042,Sales Call Notes,2026-01-19,Mid-Market,"Ticket from admin: hard to read Territory Management on mobile, text is cut off. Thanks!"
T00454,F008,Community Forum,2026-01-29,Mid-Market,"Hello, please extend Executive Dashboards with Hindi language support, we'd use it even more."
T01197,F031,Sales Call Notes,2026-03-06,Mid-Market,FYI: is there a way to switch off White-label Branding for the inside sales team? It's unnecessary. Thanks!
T00915,F024,Zendesk,2025-12-16,Mid-Market,"Ticket from admin: no documentation for Internal Wiki, onboarding new reps is hard. Any update on this?"
T00561,,Zendesk,2026-06-16,Enterprise,"Simple tasks in Pivot Table Explorer need six or seven steps, very clunky workflow. Raised by our account manager."
T01407,F039,Zendesk,2026-03-08,Mid-Market,"Mobile App takes forever to loda, sometimes over 30 seconds."
T01411,F039,Zendesk,2026-06-14,SMB,"honestly, mobile app is fantastic and really valuable for our business. thanks!"
T00375,F007,Sales Call Notes,2025-12-12,Enterprise,"Honestly, Custom Report Builder is great, adding custom fields would make it perfect."
T01279,F035,Community Forum,2026-04-17,SMB,Why do we have Landing Page Builder when Notion does the same thing better?
T00367,F007,Jira Service Desk,2025-09-27,SMB,"Honestly, unexpected error when saving in Custom Report Builder, we have to refresh constantly. Please advise."
T00723,F017,Community Forum,2026-05-26,SMB,"Hello, Salesforce Bi-directional Sync froze and we lost our work. Third time this week. Rated 3/5."
T00272,F005,Zendesk,2025-10-08,SMB,Lead Scoring is a huge time saver for us. Raised by our account manager.
T00050,F001,NPS Survey,2026-08-26,SMB,Contact Management saves RevOps horus every week. Rated 3/5.
T01122,F029,NPS Survey,2025-11-30,Enterprise,"Hello, Role-based Permissions is not responsive, the layout breaks on tablets. Rated 3/5."
T00860,F022,Community Forum,2025-11-07,Mid-Market,Quick feedback: the app crashes when the finance team try to switch accounts in Webhooks.
T00125,F003,Jira Service Desk,2026-07-26,Mid-Market,"our admins needed training just to understand email sync, the docs are outdated. please advise."
T01156,F029,Sales Call Notes,2026-05-01,Mid-Market,Role-based Permissions stopped syncing for the marketing team after the update.
T00343,F007,Sales Call Notes,2025-12-23,Enterprise,"Quick feedback: thanks to Custom Report Builder, the marketing team spend far less time on manual work. Please advise."
T00530,F010,Community Forum,2026-08-24,Mid-Market,Too many steps and clicks in Legacy PDF Report Exporter just to save changes.
T00317,F006,Zendesk,2026-01-28,Enterprise,Activity Timeline hits a timeout whenever RevOps load a big account.
T00221,F004,Community Forum,2026-03-11,SMB,"Honestly, Calendar Integration times out on large datasets."
T00304,F006,Sales Call Notes,2025-10-19,Mid-Market,"Hello, would love Activity Timeline to also support custom fields. Thanks!"
T01497,F039,Sales Call Notes,2026-08-11,SMB,FYI: export from Mobile App timed out after 10 minutes. Please advise.
T00681,F017,Sales Call Notes,2026-02-23,SMB,How do we turn off Salesforce Bi-directional Sync? Our users find it distracting.
T00917,F024,Jira Service Desk,2026-03-13,Mid-Market,Ticket from admin: would love Internal Wiki to also support role-level visibility. Raised by our account manager.
T00707,,Zendesk,2026-06-14,Mid-Market,Getting an error 500 in Salesforce Bi-directional Sync again when we save changes.
T01480,,Community Forum,2025-11-27,SMB,"Hi team, Mobile App just works, very reliable."
T00680,F017,NPS Survey,2025-09-23,Enterprise,"Ticket from admin: Salesforce Bi-directional Sync is critical for our managers, it's the main reason we renewed. Raised by our account manager."
T01261,,NPS Survey,2025-10-08,Mid-Market,"Great job on Email Campaigns, it's the best part of the porduct."
T00683,F017,Jira Service Desk,2025-10-01,Enterprise,FYI: Salesforce Bi-directional Sync stopped syncing for the inside sales team after the update.
T00766,F018,Jira Service Desk,2026-07-21,Mid-Market,We use Slack Notifications heavily; could you add API access?
T00340,F007,Zendesk,2025-09-16,Mid-Market,"Quick feedback: no documentation for Custom Report Builder, onboarding new reps is hard. This is blocking our team."
T00110,F003,G2 Review,2026-07-04,SMB,"Ticket from admin: Email Sync is critical for customer success, it's the main reason we renewed. Raised by our account manager."
T01095,F029,Community Forum,2026-01-15,SMB,"ticket from admin: the role-based permissions workflow is clunky, why can't we do this in one step?"
T00814,,Zendesk,2025-11-18,Enterprise,Please let admins disable Legacy SOAP API entirely.
T00713,,G2 Review,2025-10-27,Mid-Market,Quick feedback: Salesforce Bi-directional Sync saves customer success hours every week. Rated 3/5.
T01335,F036,Community Forum,2025-11-16,Mid-Market,It taeks way too many clicks to do anything in Social Media Scheduler. Thanks!
T00451,F008,Community Forum,2025-11-12,SMB,Executive Dashboards hits a timeout whenever the inside sales team load a big account. This is blocking our team.
T01599,F042,NPS Survey,2026-02-26,Mid-Market,"FYI: data from Territory Management is not syncing reliably, we see stale records every morning."
T00745,F017,Zendesk,2026-07-29,Enterprise,salesforce bi-directional sync duplicates what slack notifications already does. rated 3/5.
T01011,F027,G2 Review,2026-04-27,Mid-Market,"Simple tasks in Gamification Leaderboards need six or seven steps, very clunky workflow. Raised by our account manager."
T00354,,NPS Survey,2025-12-01,Mid-Market,We keep getting random errors across the platform.
T00414,F007,Community Forum,2025-09-17,Mid-Market,"Custom Report Builder is critical for our managers, it's the main reason we renewed. Rated 3/5."
T00052,,Zendesk,2026-05-02,SMB,"Too many features we never use, the product feels bloated."
T00077,F002,Community Forum,2026-02-19,Enterprise,Ticket from admin: would love Deal Pipeline to also support bulk actions.
T01107,F029,Zendesk,2026-08-01,SMB,"Quick feedback: really happy with Role-based Permissions, it works well for RevOps."
T00630,F014,Jira Service Desk,2026-06-09,SMB,FYI: too many steps and clicks in Conversation Intelligence just to export a report. Rated 3/5.
T01263,F034,Community Forum,2026-02-07,SMB,"Hello, Email Campaigns is essential to our daily workflow. This is blocking our team."
T00991,F027,Zendesk,2026-05-26,SMB,"Gamification Leaderboards takes forever to load, sometimes over 30 seconds. Please advise."
T00463,,Community Forum,2026-07-27,Enterprise,Can't figure out where to find the settings in Executive Dashboards. Raised by our account manager.
T00163,F003,G2 Review,2026-06-06,Mid-Market,"Email Sync is confusing, the navigation makes no sense to our managers. Any update on this?"
T00124,F003,Jira Service Desk,2026-04-30,Mid-Market,"Ticket from admin: Email Sync is confusing, the navigation makes no sense to RevOps."
T00837,F021,Zendesk,2025-12-18,Mid-Market,FYI: why do we have On-prem LDAP Connector when Webhooks does the same thing better?
T01056,F028,Jira Service Desk,2025-11-15,Mid-Market,Would love SSO / SAML to also support custom fields.
T01606,F042,Community Forum,2026-01-21,Enterprise,quick feedback: can you remove territory management from our plan? we're paying for features we don't use.
T01252,F034,G2 Review,2026-08-20,Mid-Market,"Email Campaigns just works, very reliable. This is blocking our team."
T00758,,Zendesk,2026-06-28,Mid-Market,"Quick feedback: thanks to Slack Notifications, the marketing team spend far less time on manual work."
T00810,F020,Zendesk,2026-07-05,Mid-Market,"Onboarding to Legacy SOAP API is painful, the tutorial skips important steps. Any update on this?"
T00186,F003,Zendesk,2026-07-20,Mid-Market,Getting an error 500 in Email Sync again when we open a large account.
T00068,F002,Jira Service Desk,2025-12-20,Enterprise,"Really happy with Deal Pipeline, it works well for customer success."
T01432,F039,Zendesk,2026-08-03,Mid-Market,"Simlpe tasks in Mobile App need six or seven steps, very clunky workflow."
T00142,F003,NPS Survey,2026-02-18,Enterprise,"Hello, sync errors in Email Sync, records are missing or duplicated. This is blocking our team."
T01101,F029,Community Forum,2026-03-11,Enterprise,"Ticket from admin: thanks to Role-based Permissions, the marketing team spend far less time on manual work. Thanks!"
T01192,F030,Zendesk,2026-07-10,SMB,"Hello, great job on Audit Logs, it's the best part of the product. Raised by our account manager."
T00533,F010,G2 Review,2025-11-28,SMB,"Legacy PDF Report Exporter is not responsive, the layout breaks on tablets. Please advise."
T01358,,Community Forum,2026-01-26,SMB,Web Forms is a huge time saver for us. Please advise.
T00994,F027,G2 Review,2026-05-09,Enterprise,"Hello, Gamification Leaderboards is not responsive, the layout breaks on tablets. This is blocking our team."
T00204,,Sales Call Notes,2026-08-07,Mid-Market,FYI: getting an error 500 in Email Sync again when we export a report.
T00428,F007,Zendesk,2026-02-04,Enterprise,"Data from Custom Report Builder is not syncing reliably, we see stale records every morning. Raised by our account manager."
T00868,,Zendesk,2025-09-29,SMB,"team inbox is critical for our managers, it's the main reason we renewed. please advise."
T00843,F022,Zendesk,2025-12-10,Enterprise,"fyi: great job on webhooks, it's the best part of the product. rated 3/5."
T00276,F005,Jira Service Desk,2025-11-02,Mid-Market,Quick feedback: would love Lead Scoring to also support API access. Thanks!
T01525,,Jira Service Desk,2026-07-21,Mid-Market,"Mobile App just works, very reliable. Please advise."
T01129,F029,NPS Survey,2026-06-01,Enterprise,We use Role-based Permissions heavily; could you add scheduled exports?
T00299,F006,NPS Survey,2025-12-27,SMB,"No documentation for Activity Timeline, onboarding new reps is hard."
T01387,F038,G2 Review,2026-06-25,Enterprise,Quick feedback: Web Forms duplicates what our BI tool already does.
T00715,F017,Community Forum,2025-11-20,Mid-Market,"FYI: thanks to Salesforce Bi-directional Sync, our sales reps spend far less time on manual work."
T01134,F029,Community Forum,2026-03-12,Mid-Market,Ticket from admin: export from Role-based Permissions timed out after 10 minutes.
T00452,F008,Jira Service Desk,2026-04-02,Enterprise,"Quick feedback: Executive Dashboards is confusing, the navigation makes no sense to our managers. This is blocking our team."
T00616,F013,Zendesk,2026-02-08,SMB,"The AI Email Assistant workflow is clunky, why can't we do this in one step?"
T01193,F030,Sales Call Notes,2026-03-23,SMB,"fyi: great job on audit logs, it's the best part of the product. any update on this?"
T00353,F007,Zendesk,2026-06-22,Mid-Market,Custom Report Builder is fantastic and really valuable for our business. This is blocking our team.
T00671,,Zendesk,2026-05-15,SMB,"Hello, Salesforce Bi-directional Sync just works, very reliable. Any update on this?"
T00248,,Sales Call Notes,2025-11-15,Mid-Market,"Please extend Calendar Integration with multi-currency, we'd use it even more. Thanks!"
T00722,F017,Zendesk,2026-07-24,Mid-Market,"No documentation for Salesforce Bi-directional Sync, onboarding new reps is hard. Rated 3/5."
T01031,F027,Sales Call Notes,2026-07-05,SMB,"Hello, honestly nobody on our team uses Gamification Leaderboards."
T01054,F028,Jira Service Desk,2026-08-13,Mid-Market,Quick feedback: we use SSO / SAML heavily; could you add API access?
T00539,,G2 Review,2026-03-30,SMB,the help articles for legacy pdf report exporter don't match the current ui. any update on this?
T00381,,NPS Survey,2026-04-17,Enterprise,"Sync errors in Custom Report Builder, records are missing or duplicated. Thanks!"
T01035,F027,Zendesk,2026-03-10,SMB,Quick feedback: please let admins disable Gamification Leaderboards entirely.
T00430,F007,Zendesk,2026-06-19,Mid-Market,Quick feedback: requests to Custom Report Builder time out when we have more than 25k records. Rated 3/5.
T01434,F039,Jira Service Desk,2025-09-27,SMB,"honestly, the mobile app page keeps spinning, load times have gotten much worse since the last release. please advise."
T00833,F021,Zendesk,2026-05-13,Enterprise,Quick feedback: On-prem LDAP Connector is just clutter in the navigation for the inside sales team. This is blocking our team.
T00352,F007,Community Forum,2025-11-02,Mid-Market,"Hello, the help articles for Custom Report Builder don't match the current UI."
T01557,F040,NPS Survey,2026-08-23,SMB,"Offline Mode overlaps with our existing tools, it's redundant for us. Raised by our account manager."
T00983,F026,G2 Review,2026-06-21,Mid-Market,"Hello, the Shared Notes layout is broken on smaller screens, buttons overlap. Please advise."
T01454,F039,G2 Review,2026-01-22,SMB,"Quick feedback: Mobile App is not responsive, the layout breaks on tablets. This is blocking our team."
T00844,F022,Sales Call Notes,2026-04-13,SMB,"Honestly, Webhooks is great, adding custom fields would make it perfect. Any update on this?"
T00310,F006,NPS Survey,2026-01-20,Mid-Market,Activity Timeline is essential to our daily workflow. This is blocking our team.
T00171,F003,G2 Review,2026-07-12,SMB,Email Sync is fantastic and really valuable for our business. Rated 3/5.
T01602,F042,Sales Call Notes,2026-07-17,SMB,Territory Management is core to how we run our pipeline reviews.
T00382,,Zendesk,2026-02-13,SMB,"The Custom Report Builder layout is broken on smaller screens, buttons overlap. Rated 3/5."
T01310,,Sales Call Notes,2026-03-08,SMB,"hello, social media scheduler crashes whenever we save changes."
T00045,F001,Zendesk,2026-03-12,SMB,Too many steps and clicks in Contact Management just to add a filter. Raised by our account manager.
T00804,F019,Jira Service Desk,2026-08-20,Enterprise,"FYI: really happy with Zapier Connector, it works well for our admins."
T00491,F009,Community Forum,2025-10-18,SMB,"Revenue Forecasting is great, adding scheduled exports would make it perfect."
T01293,F035,G2 Review,2026-05-08,SMB,Quick feedback: is there a way to switch off Landing Page Builder for customer success? It's unnecessary. Rated 3/5.
T00562,F011,Sales Call Notes,2026-06-15,Enterprise,"Hello, how do we turn off Pivot Table Explorer? Our users find it distracting. Raised by our account manager."
T01138,F029,Zendesk,2026-04-07,Enterprise,Role-based Permissions hits a timeout whenever the finance team load a big account. Raised by our account manager.
T01547,F040,G2 Review,2026-02-08,Mid-Market,Quick feedback: Offline Mode is just clutter in the navigation for our sales reps.
T01178,F030,Sales Call Notes,2026-05-07,SMB,"hi team, we have never used audit logs in two years, not sure what it is for. thanks!"
T00406,F007,Community Forum,2026-07-28,SMB,"Ticket from admin: the Custom Report Builder layout is broken on smaller screens, buttons overlap. This is blocking our team."
T00620,F013,Community Forum,2026-01-26,Enterprise,"Hello, love AI Email Assistant, it cut our reporting time in half. Raised by our account manager."
T01086,F029,NPS Survey,2026-03-01,SMB,FYI: Role-based Permissions is a huge time saver for us. Raised by our account mnaager.
T00116,F003,G2 Review,2026-08-15,Mid-Market,"We rely on Email Sync every day, can't imagine working without it."
T01168,,Zendesk,2026-07-10,Mid-Market,"hello, love role-based permissions, it cut our reporting time in half."
T00589,F011,Community Forum,2026-02-25,SMB,Loading Pivot Table Explorer is painfully slow for the finance team. Raised by our account manager.
T00875,F023,Sales Call Notes,2026-04-28,Mid-Market,"Hello, it's unintuitive how Team Inbox is organised, we keep getting lost. Any update on this?"
T00176,F003,Community Forum,2025-11-11,SMB,"Hello, Email Sync stopped syncing for our sales reps after the update. Raised by our account manager."
T01544,,Zendesk,2026-01-27,Enterprise,"Hi team, Offline Mode hits a timeout whenever the finance team load a big account. Rated 3/5."
T00515,F010,Zendesk,2026-07-06,Mid-Market,Ticket from admin: honestly nobody on our team uses Legacy PDF Report Exporter. Thanks!
T00384,F007,Zendesk,2025-10-14,SMB,Ticket from admin: Custom Report Builder is core to how we run our pipeline reviews. Please advise.
T01228,F033,Jira Service Desk,2026-08-11,Mid-Market,"Ticket from admin: Sandbox Environments is not responsive, the layout breaks on tablets. This is blocking our team."
T00079,F002,Sales Call Notes,2025-12-15,Mid-Market,Deal Pipeline is a huge time saver for us. Any update on this?
T00482,,Community Forum,2026-02-06,SMB,Revenue Forecasting is fantastic and really valuable for our business. This is blocking our team.
T01482,F039,Zendesk,2026-06-07,Mid-Market,"It's unintuitive how Mobile App is organised, we keep getting lost. Thanks!"
T01540,F040,NPS Survey,2026-03-25,SMB,The menu is bloated with things like Offline Mode. Please advise.
T01158,F029,Jira Service Desk,2026-04-01,Enterprise,FYI: Role-based Permissions crashes whenever we export a report. Any update on this?
T00670,F017,NPS Survey,2026-02-23,SMB,"Honestly, great job on Salesforce Bi-directional Sync, it's the best part of the product."
T01326,F036,Sales Call Notes,2026-07-17,Enterprise,Getting an error 500 in Social Media Scheduler again when we open a large account. Any update on this?
T00590,F011,Sales Call Notes,2026-04-08,SMB,"Sync errors in Pivot Table Explorer, records are missing or duplicated. Thanks!"
T00199,,G2 Review,2026-05-23,Mid-Market,FYI: getting an error 500 in Email Sync again when we bulk edit records. Please advise.
T00016,F001,Zendesk,2026-07-07,Enterprise,"Honestly, Contact Management is fantastic and really valuable for our business. Please advise."
T01037,F028,Zendesk,2026-04-03,SMB,"Hi team, it's unintuitive how SSO / SAML is organised, we keep getting lost."
T00882,F023,Sales Call Notes,2026-02-20,Enterprise,"Hi team, raelly happy with Team Inbox, it works well for the marketing team."
T00549,F010,NPS Survey,2026-02-14,SMB,"Hard to find anything in Legacy PDF Report Exporter, the menus are confusing."
T01006,F027,Community Forum,2025-10-11,Mid-Market,"Hi team, data from Gamification Leaderboards is not syncing reliably, we see stale records every morning. Raised by our account manager."
T00332,,G2 Review,2025-10-12,SMB,The whole app feels slow this week.
T01222,F032,Jira Service Desk,2026-03-26,Enterprise,"Data Residency Controls is sluggish during peak hours, pages take ages to render."
T00351,F007,Community Forum,2026-05-31,Enterprise,"FYI: Custom Report Builder is critical for the finance team, it's the main reason we renewed. Raised by our account manager."
T00591,F011,NPS Survey,2025-10-22,Mid-Market,Ticket from admin: export from Pivot Table Explorer timed out after 10 minutes. Rated 3/5.
T00245,F004,Jira Service Desk,2026-07-16,Enterprise,"Hello, unexpected error when saving in Calendar Integration, we have to refresh constantly."
T00599,F012,Zendesk,2026-08-15,SMB,"Hi team, can't figure out where to find the settings in Cohort Analysis."
T01147,F029,Sales Call Notes,2026-02-09,Mid-Market,"Hello, Role-based Permissions times out on large datasets."
T01081,F029,Zendesk,2025-10-18,Mid-Market,"Hi team, Role-based Permissions is a huge time saver for us. Thanks!"
T00200,F003,Jira Service Desk,2026-01-13,Enterprise,"Hi team, the Email Sync page keeps spinning, load times have gotten much worse since the last release."
T00483,F009,G2 Review,2025-11-11,Mid-Market,Revenue Forecasting saves the inside sales team hours every week. Raised by our account manager.
T01337,F036,Jira Service Desk,2025-12-27,Enterprise,Ticket from admin: can you remove Social Media Scheduler from our plan? We're paying for features we don't use. Any update on this?
T00465,F008,Sales Call Notes,2026-07-17,Mid-Market,"Honestly, Executive Dashboards is core to how we run our pipeline reviews."
T00262,F005,G2 Review,2025-12-13,Enterprise,"Honestly, Lead Scoring is critical for the marketing team, it's the main reason we renewed."
T00383,F007,Zendesk,2026-02-18,SMB,"Honestly, the help articles for Custom Report Builder don't match the current UI. Thanks!"
T01380,F038,Community Forum,2026-05-23,SMB,Web Forms is fantastic and really valuable for our business. Rated 3/5.
T00793,F018,G2 Review,2026-06-30,Mid-Market,"FYI: it's unintuitive how Slack Notifications is organised, we keep getting lost. Raised by our account manager."
T00501,,Jira Service Desk,2026-05-11,Mid-Market,Ticket from admin: Legacy PDF Report Exporter duplicates what HubSpot already does. Raised by our account manager.
T00552,F010,Community Forum,2026-08-19,Mid-Market,"The Legacy PDF Report Exporter layout is broken on smaller screens, buttons overlap. Raised by our account manager."
T00894,F023,Sales Call Notes,2026-06-16,Enterprise,Quick feedback: Team Inbox failed to sync overnight and the data is out of date.
T01176,F030,Sales Call Notes,2025-09-19,Mid-Market,Quick feedback: Audit Logs is a huge time saver for us.
T01014,F027,G2 Review,2025-10-23,Mid-Market,Quick feedback: Gamification Leaderboards is a huge time saver for us.
T01091,F029,Jira Service Desk,2026-07-02,SMB,"Honestly, Role-based Permissions takes forever to load, soemtimes over 30 seconds. Raised by our account manager."
T01405,,G2 Review,2026-06-16,SMB,"Love Mobile App, it cut our reporting time in half. Please advise."
T00555,F010,Zendesk,2025-12-19,Mid-Market,"Quick feedback: we use Pivot Table Explorer instead, so Legacy PDF Report Exporter is redundant."
T00241,F004,Zendesk,2026-04-03,Mid-Market,"Please extend Calendar Integration with custom fields, we'd use it even more. Raised by our account manager."
T01212,F032,Community Forum,2025-12-15,Mid-Market,"FYI: love Data Residency Controls, it cut our reporting time in half."
T00057,,Zendesk,2026-06-22,SMB,"Hello, we use Deal Pipeline heavily; could you add API access? Please advise."
T00074,F002,Community Forum,2026-06-15,Mid-Market,"Ticket from admin: Deal Pipeline overlaps with our existing tools, it's redundant for us. Rated 3/5."
T00271,F005,NPS Survey,2026-02-01,SMB,"Honestly, would love Lead Scoring to also support Hindi language support."
T00527,F010,Sales Call Notes,2025-10-03,Mid-Market,Legacy PDF Report Exporter is just clutter in the navigation for the finance team. This is blocking our team.
T00536,F010,Community Forum,2025-09-25,Mid-Market,Legacy PDF Report Exporter stopped syncing for our sales reps after the update. Raised by our account manager.
T01327,F036,Community Forum,2026-08-14,Enterprise,"Quick feedback: simple tasks in Social Media Scheduler need six or seven steps, very clunky workflow. Thanks!"
T00290,F006,G2 Review,2026-08-08,Mid-Market,Ticket from admin: we use Activity Timeline heavily; could you add multi-currency? Thanks!
T00044,F001,Jira Service Desk,2026-08-21,Mid-Market,"hi team, contact management saves customer success hours every week. rated 3/5."
T00101,,NPS Survey,2026-01-14,SMB,"Deal Pipeline seems irrelevant to how we work, nobody uses it. Thanks!"
T00987,F026,Zendesk,2026-01-31,Mid-Market,"Hi team, loading Shared Notes is painfully slow for customer success. Any update on this?"
T00102,F002,NPS Survey,2026-05-18,Enterprise,"Quick feedback: hard to read Deal Pipeline on mobile, text is cut off."
T00637,F015,Zendesk,2026-01-22,Mid-Market,"Unexpected error when saving in Predictive Churn Alerts, we have to refresh constantly. This is blocking our team."
T00108,F003,Jira Service Desk,2025-11-19,Enterprise,Quick feedback: export from Email Sync timed out after 10 minutes.
T00908,F024,Zendesk,2026-08-11,Enterprise,"Please extend Internal Wiki with bulk actions, we'd use it even more. This is blocking our team."
T00423,F007,NPS Survey,2026-05-10,Enterprise,"Hello, really happy with Custom Report Builder, it works well for the marketing team. Rated 3/5."
T00586,F011,NPS Survey,2026-07-16,Mid-Market,Requests to Pivot Table Explorer time out when we have more than a million records. Thanks!
T00486,F009,Community Forum,2026-04-23,Enterprise,"Hello, simple tasks in Revenue Forecasting need six or seven steps, very clunky workflow."
T00821,F020,Zendesk,2026-01-03,Mid-Market,"Sync errors in Legacy SOAP API, records are missing or duplicated. Thanks!"
T01330,F036,G2 Review,2026-06-10,SMB,"FYI: we rely on Social Media Scheduler every day, can't imagine working without it."
T00794,F018,Sales Call Notes,2025-09-08,Enterprise,"ticket from admin: great job on slack notifications, it's the best part of the product."
T01103,F029,NPS Survey,2026-01-13,SMB,Ticket from admin: requests to Role-based Permissions time out when we have more than 50k records. Rated 3/5.
T00129,F003,Sales Call Notes,2026-03-24,Enterprise,It takes way too many clicks to do anything in Email Sync. Any update on this?
T00787,F018,NPS Survey,2026-06-20,Mid-Market,FYI: we use Slack Notifications heavily; could you add multi-currency?
T00275,F005,G2 Review,2025-10-09,Mid-Market,"Honestly, requests to Lead Scoring time out when we have more than 100,000 records. Rated 3/5."
T00817,F020,Jira Service Desk,2026-01-23,SMB,"Hello, Legacy SOAP API is sluggish during peak hours, pages take ages to render. Thanks!"
T00622,,Sales Call Notes,2026-01-26,Mid-Market,"AI Email Assistant is great, adding scheduled exports would make it perfect. Rated 3/5."
T01284,F035,Zendesk,2026-08-17,Mid-Market,Landing Page Builder duplicates what Confluence already does.
T00862,F022,Zendesk,2025-09-09,Mid-Market,"We have never used Webhooks in two years, not sure what it is for. Raised by our account manager."
T00426,F007,Community Forum,2025-11-29,Mid-Market,"FYI: revOps needed training just to understand Custom Report Builder, the docs are outdated. Raised by our account manager."
T00788,F018,G2 Review,2026-06-20,Mid-Market,"Hi team, the Slack Notifications workflow is clunky, why can't we do this in one step? Any update on this?"
T00598,F012,G2 Review,2026-05-30,SMB,"Hi team, it takes way too many clicks to do anything in Cohort Analysis."
T00621,F013,Jira Service Desk,2026-01-25,Mid-Market,"Hi team, data from AI Email Assistant is not syncing reliably, we see stale records every morning. This is blocking our team."
T01360,F038,G2 Review,2025-10-01,Mid-Market,"Hello, the Web Forms workflow is clunky, why can't we do this in one step? This is blocking our team."
T01462,F039,Jira Service Desk,2025-09-08,Mid-Market,"Hi team, would love Mobile App to also support multi-currency. Any update on this?"
T01320,F036,Jira Service Desk,2025-09-11,Mid-Market,Social Media Scheduler is just clutter in the navigation for customer success.
T00487,F009,G2 Review,2025-12-23,Mid-Market,"It's unintuitive how Revenue Forecasting is organised, we keep getting lost. Any update on this?"
T00708,F017,Sales Call Notes,2025-11-12,SMB,FYI: Salesforce Bi-directional Sync is essential to our daily workflow. Any update on this?
T00416,F007,Zendesk,2026-06-08,Mid-Market,"Hi team, hard to read Custom Report Builder on mobile, text is cut off."
T01210,F032,Zendesk,2026-02-09,SMB,"Hi team, Data Residency Controls is essential to our daily workflow."
T01007,F027,Jira Service Desk,2026-05-05,SMB,"Hello, Gamification Leaderboards faield to sync overnight and the data is out of date. Raised by our account manager."
T00232,,Community Forum,2026-04-20,Mid-Market,Ticket from admin: Calendar Integration is core to how we run our pipeline reviews. Thanks!
T01374,F038,Zendesk,2026-05-06,Mid-Market,"Hello, the Web Forms workflow is clunky, why can't we do this in one step? Thanks!"
T00434,F007,NPS Survey,2026-08-03,Enterprise,"Honestly, requests to Custom Report Builder time out when we have more than 50k records. Raised by our account manager."
T00164,F003,Community Forum,2026-05-20,SMB,"No documentation for Email Sync, onboarding new reps is hard."
T00847,,Community Forum,2026-02-18,Enterprise,"Honestly, please let admins disable Webhooks entirely. Raised by our account manager."
T00267,F005,Jira Service Desk,2026-03-09,Enterprise,"Hi team, great job on Lead Scoring, it's the best part of the product. Any update on this?"
T01342,F037,Community Forum,2026-06-29,SMB,"SMS Campaigns clutters the sidebar, can we hide it? Please advise."
T00333,,Community Forum,2026-08-18,SMB,Is there a way to switch off Activity Timeline for our admins? It's unnecessary. This is blocking our team.
T01164,F029,Zendesk,2025-11-08,Enterprise,"Honestly, simple tasks in Role-based Permissions need six or seven steps, very clunky workflow."
T00731,,Zendesk,2026-01-01,Mid-Market,fyi: salesforce bi-directional sync stopped syncing for the inside sales team after the update. any update on this?
T01271,F035,G2 Review,2025-09-29,Enterprise,"Honestly, please let admins disable Landing Page Builder entirely. Raised by our account manager."
T00193,F003,G2 Review,2025-10-20,Mid-Market,"Ticket from admin: great job on Email Sync, it's the best part of the product. This is blocking our team."
T00553,F010,Zendesk,2026-03-03,Mid-Market,Legacy PDF Report Exporter is just clutter in the navigation for the finance team.
T00064,F002,Community Forum,2026-07-25,Mid-Market,"It's unintuitive how Deal Pipeline is organised, we keep getting lots. This is blocking our team."
T00778,F018,Zendesk,2026-05-19,SMB,"Hi team, Slack Notifications is great, adding API access would make it perfect."
T01568,F041,Jira Service Desk,2026-01-12,SMB,"We use Google Sheets instead, so Business Card Scanner is redundant. Any update on this?"
T01467,F039,Community Forum,2026-04-28,Enterprise,"Hi team, Mobile App times out on large datasets. Raised by our account manager."
T01191,F030,Community Forum,2026-07-11,Enterprise,"Honestly, please let admins disable Audit Logs entirely. Raised by our account manager."
T01152,F029,Zendesk,2026-05-12,Mid-Market,We use Role-based Permissions heavily; could you add scheduled exports?
T00866,F023,Jira Service Desk,2026-08-04,Enterprise,"Hi team, great job on Team Inbox, it's the best part of the product. This is blocking our team."
T01597,F042,Jira Service Desk,2026-07-03,Mid-Market,"Honestly, export from Territory Management timed out after 10 minutes."
T00635,F015,NPS Survey,2026-02-15,SMB,"FYI: smiple tasks in Predictive Churn Alerts need six or seven steps, very clunky workflow. Please advise."
T00219,,G2 Review,2026-03-15,Mid-Market,Calendar Integration stopped syncing for the marketing team after the update. This is blocking our team.
T00545,F010,Jira Service Desk,2026-05-11,Mid-Market,Legacy PDF Report Exporter froze and we lost our work. Third time this week. Rated 3/5.
T00287,F005,G2 Review,2026-03-07,Mid-Market,"FYI: love Lead Scoring, it cut our reporting time in half. Raised by our account manager."
T00409,F007,Community Forum,2025-10-15,SMB,"The Custom Report Builder page keeps spinning, load times have gotten much worse since the last release. Thanks!"
T01296,F035,Zendesk,2025-10-21,Mid-Market,"Hard to find anything in Landing Page Builder, the menus are confusing. Raiesd by our account manager."
T01359,F038,Zendesk,2026-06-14,Mid-Market,"Hi team, why is Web Forms so slow? It lags every single time we open it. Raised by our account manager."
T00417,F007,Zendesk,2026-05-21,Mid-Market,Quick feedback: the app crashes when our admins try to export a report in Custom Report Builder. Rated 3/5.
T01182,F030,Zendesk,2026-02-24,SMB,Audit Logs is fantastic and really valuable for our business. Please advise.
T01323,,Jira Service Desk,2026-07-23,Mid-Market,"Hello, we have never used Social Media Scheduler in two years, not sure what it is for."
T01552,F040,G2 Review,2026-05-17,Mid-Market,"Ticket from admin: Offline Mode clutters the sidebar, can we hide it? This is blocking our team."
T00495,F009,G2 Review,2026-08-19,Mid-Market,"Hello, Revenue Forecasting is not responsive, the layout breaks on tablets. Thanks!"
T00706,F017,Zendesk,2025-09-27,SMB,"Salesforce Bi-directional Sync is critical for the finance team, it's the main reason we renewed."
T00965,F025,Jira Service Desk,2026-02-21,Mid-Market,"Hello, the help articles for Video Meeting Recorder don't match the current UI."
T00600,F012,G2 Review,2026-03-07,SMB,"Hello, hard to find anything in Cohort Analysis, the menus are confusing."
T00412,,Zendesk,2026-04-19,Enterprise,"Ticket from admin: our managers needed training just to understand Custom Report Builder, the docs are outdated."
T00711,F017,Sales Call Notes,2025-10-06,Mid-Market,"no documentation for salesforce bi-directional sync, onboarding new reps is hard. rated 3/5."
T01232,F034,Zendesk,2026-02-26,SMB,Quick feedback: Email Campaigns is essential to our daily workflow. Thanks!
T00618,F013,Zendesk,2026-01-25,Mid-Market,"Hard to read AI Email Assistant on mobile, text is cut off. Any update on this?"
T01445,F039,Community Forum,2025-09-12,SMB,"Hello, hard to find anything in Mobile App, the menus are confusing."
T00786,F018,G2 Review,2026-03-27,Mid-Market,"The Slack Notifications page keeps spinning, load times have gotten much worse since the last release. Any update on this?"
T00842,F021,G2 Review,2025-10-22,Mid-Market,On-prem LDAP Connector failed to sync overnight and the data is out of date. Any update on this?
T00712,F017,Sales Call Notes,2025-11-24,SMB,"Hi team, please extend Salesforce Bi-directional Sync with Hindi language support, we'd use it even more."
T00528,F010,Jira Service Desk,2026-01-02,Mid-Market,"Quick feedback: Legacy PDF Report Exporter is confusing, the navigation makes no sense to our sales reps. This is blocking our team."
T00906,,Zendesk,2026-05-06,Mid-Market,"Data from Internal Wiki is not syncing reliably, we see stale records every morning. Thanks!"
T00979,F026,Community Forum,2026-01-12,Mid-Market,"Hi team, hard to read Shared Notes on mobile, text is cut off. Please advise."
T01062,F029,Community Forum,2026-01-24,Mid-Market,"Role-based Permissions just works, very reliable. Thanks!"
T00278,F005,NPS Survey,2025-11-05,Enterprise,"Hello, too many steps and clicks in Lead Scoring just to open a large account. Thanks!"
T01248,F034,Jira Service Desk,2026-03-25,Mid-Market,"Hello, we use Email Campaigns heavily; could you add Hindi language support?"
T01311,F036,Sales Call Notes,2026-05-10,Mid-Market,fyi: social media scheduler duplicates what excel already does.
T01406,F039,Jira Service Desk,2026-06-03,SMB,mobile app times out on large datasets.
T00237,F004,Zendesk,2026-03-18,Enterprise,"Hi team, we use Calendar Integration heavily; could you add Hindi language support? Any update on this?"
T00974,F026,G2 Review,2026-05-24,SMB,FYI: how do we turn off Shared Notes? Our users find it distracting. Rated 3/5.
T01341,F037,Jira Service Desk,2025-11-04,SMB,"SMS Campaigns is confusing, the navigation makes no sense to the inside sales team."
T01549,F040,Sales Call Notes,2025-12-10,SMB,"Hi team, onboarding to Offline Mode is painful, the tutorial skips important steps. Thanks!"
T00496,F010,Zendesk,2026-07-17,Mid-Market,"Honestly, Legacy PDF Report Exporter is not responsive, the layuot breaks on tablets."
T01113,,Zendesk,2026-08-30,SMB,"Honestly, the app crashes when the marketing team try to open a large account in Role-based Permissions. Please advise."
T00209,F003,NPS Survey,2026-05-04,Mid-Market,"Email Sync is great, adding Hindi language support would make it perfect. Raised by our account manager."
T00890,F023,Community Forum,2026-07-23,SMB,team inbox is core to how we run our pipeline reviews.
T00494,F009,Community Forum,2026-01-21,Enterprise,Ticket from admin: Revenue Forecasting froze and we lost our work. Third time this week. Any update on this?
T00990,,Zendesk,2025-10-17,Enterprise,"Hi team, export from Gamification Leaderboards timed out after 10 minutes. This is blocking our team."
T00059,F002,NPS Survey,2026-07-19,Enterprise,FYI: Deal Pipeline failed to sync overnight and the data is out of date. Thanks!
T00947,F025,Zendesk,2025-12-18,Mid-Market,FYI: Video Meeting Recorder hits a timeout whenever our managers load a big account. Any update on this?
T00716,F017,Community Forum,2026-03-08,Mid-Market,"Hello, Salesforce Bi-directional Sync is core to how we run our pipeline reviews. Raised by our account manager."
T00514,F010,NPS Survey,2025-10-15,Enterprise,"Quick feedback: sync errors in Legacy PDF Report Exporter, records are missing or duplicated. Raised by our account manager."
T01240,F034,Jira Service Desk,2026-01-15,Enterprise,"Hello, Email Campaigns just works, very reliable. Rated 3/5."
T01274,F035,Zendesk,2025-11-21,SMB,FYI: the menu is bloated with things like Landing Page Builder. This is blocking our team.
T01430,F039,Community Forum,2026-04-08,SMB,"The Mobile App layout is broken on smaller screens, buttons overlap. Any update on this?"
T00355,F007,Zendesk,2026-01-13,SMB,"Hello, sync errors in Custom Report Builder, records are missing or duplicated. Any update on this?"
T01288,F035,Zendesk,2026-01-12,Enterprise,"FYI: please extend Landing Page Builder with API access, we'd use it even more. Any update on this?"
T01517,,NPS Survey,2026-01-16,SMB,"Great job on Mobile App, it's the best part of the product."
T01495,F039,Community Forum,2026-03-28,SMB,"hi team, sync errors in mobile app, records are missing or duplicated."
T00944,F025,Jira Service Desk,2026-06-18,SMB,"Honestly, Viedo Meeting Recorder froze and we lost our work. Third time this week. Thanks!"
T00293,F006,Jira Service Desk,2026-03-04,SMB,Activity Timeline failed to sync overnight and the data is out of dtae. Any update on this?
T01437,F039,Zendesk,2026-04-07,Mid-Market,"FYI: great job on Mobile App, it's the best part of the product. Rated 3/5."
T01236,F034,G2 Review,2026-08-17,SMB,"Hi team, Email Campaigns is great, adding bulk actions would make it perfect. Any update on this?"
T00932,,NPS Survey,2026-08-09,Mid-Market,"Hello, onboarding to Internal Wiki is painful, the tutorial skips important steps."
T01555,F040,Community Forum,2026-08-18,SMB,Is there a way to switch off Offline Mode for the marketing team? It's unnecessary. Rated 3/5.
T00234,F004,Sales Call Notes,2026-05-04,Enterprise,"Calendar Integration is critical for the inside sales team, it's the main reason we renewed. This is blocking our team."
T01112,F029,G2 Review,2026-07-08,Enterprise,"The Role-based Permissions page keeps spinning, load times have gotten much worse since the last release. Please advise."
T00197,F003,Zendesk,2026-02-15,Enterprise,Email Sync is a huge time saver for us. Raised by our account manager.
T00755,F018,Jira Service Desk,2026-02-18,Mid-Market,"Quick feedback: hard to find anything in Slack Notifications, the menus are confusing."
T01349,F037,Community Forum,2026-01-26,SMB,"Ticket from admin: we use Confluence instead, so SMS Campaigns is redundant."
T00082,F002,Sales Call Notes,2026-01-17,Mid-Market,"Quick feedback: unexpected error when saving in Deal Pipeline, we have to refresh constantly. Any update on this?"
T01504,F039,Community Forum,2025-10-16,Mid-Market,"Honestly, please extend Mobile App with custom fields, we'd use it even more."
T01215,F032,G2 Review,2026-03-13,Mid-Market,"Honestly, we use the main dashboard instead, so Data Residency Controls is redundant. This is blocking our team."
T01238,F034,Sales Call Notes,2026-06-25,Enterprise,FYI: Email Campaigns is essential to our daily workflow. Raised by our account manager.
T00112,F003,NPS Survey,2026-08-11,SMB,"Sync errors in Email Sync, records are missing or duplicated. Any update on this?"
T01367,F038,Zendesk,2025-09-17,Enterprise,"Hello, the Web Forms workflow is clunky, why can't we do this in one step?"
T01457,,Sales Call Notes,2026-01-25,Enterprise,"Hi team, would love Mobile App to also support custom fields. This is blocking our team."
T01357,F038,NPS Survey,2025-12-06,Mid-Market,"Web Forms is critical for the marketing team, it's the main reason we renewed. Please advise."
T01227,,G2 Review,2026-07-01,SMB,"Sandbox Environments is confusing, the navigation makes no sense to customer success. Any update on this?"
T01449,,Zendesk,2026-04-11,SMB,Ticket from admin: the app crashes when customer success try to upload a file in Mobile App.
T01319,F036,Zendesk,2026-04-24,Mid-Market,"Social Media Scheduler takes forever to load, sometimes over 30 seconds."
T00964,F025,Zendesk,2025-09-15,SMB,"Hello, hard to read Video Meeting Recorder on mobile, text is cut off. Please advise."
T00311,F006,Zendesk,2025-11-17,SMB,Would love Activity Timeline to also support bulk actions. Raised by our account manager.
T00673,F017,Community Forum,2026-05-05,Mid-Market,"fyi: hard to find anything in salesforce bi-directional sync, the menus are confusing. this is blocking our team."
T00880,F023,Jira Service Desk,2026-03-22,Mid-Market,"Team Inbox takes forever to load, sometimes over 30 seconds. Any update on this?"
T00608,F013,Sales Call Notes,2025-12-09,SMB,"Ticket from admin: hard to find anything in AI Email Assistant, the menus are confusing."
T01561,F040,Jira Service Desk,2025-12-03,Enterprise,"Hard to read Offline Mode on mobile, text is cut off."
T01190,F030,Community Forum,2026-08-30,SMB,"Audit Logs is confusing, the navigation makes no sense to our admins. Thanks!"
T01166,,Sales Call Notes,2026-06-20,Mid-Market,role-based permissions times out on large datasets.
T00902,F023,NPS Survey,2026-06-12,Mid-Market,"Honestly, Team Inbox takes forever to load, sometimes over 30 seconds. Rated 3/5."
T01595,F042,Zendesk,2025-12-08,SMB,"Hello, onboarding to Territory Management is painful, the tutorial skips important steps. Any update on this?"
T01098,,G2 Review,2025-12-02,Mid-Market,"Hello, Role-based Permissions is not responsive, the layout breaks on tablets. Please advise."
T00985,F026,Zendesk,2025-09-12,Mid-Market,Ticket from admin: requests to Shared Notes time out when we have more than 25k records. Thanks!
T01502,F039,NPS Survey,2026-07-31,SMB,Mobile App is core to how we run our pipeline reviews. Any update on this?
T01542,F040,G2 Review,2026-02-13,Enterprise,"Offline Mode is not responsive, the layout breaks on tablets. Thanks!"
T01218,,Jira Service Desk,2026-04-18,Enterprise,"Hi team, Data Residency Controls is essential to our daily workflow. Any update on this?"
T00529,F010,Zendesk,2026-06-07,Enterprise,fyi: why do we have legacy pdf report exporter when the main dashboard does the same thing better?
T00728,F017,Jira Service Desk,2026-01-09,SMB,"Salesforce Bi-directional Sync is not responsive, the layout breaks on tablets. Please advise."
T00611,F013,Zendesk,2026-08-20,Enterprise,"Honestly, AI Email Assistant is core to how we run our pipeline reviews. Please advise."
T01143,,Zendesk,2025-10-30,SMB,Loading Role-based Permissions is painfully slow for customer success.
T00773,F018,NPS Survey,2026-02-25,Mid-Market,"Honestly, Slack Notifications saves customer success hours every week."
T00865,F023,Community Forum,2025-11-03,Mid-Market,Team Inbox is a huge time saver for us. Rated 3/5.
T00328,F006,NPS Survey,2025-09-09,Mid-Market,"We rely on Activity Timeline every day, can't imagine working without it. Raised by our account manager."
T00255,,Zendesk,2026-08-06,SMB,FYI: Calendar Integration is a huge time saver for us. Please advise.
T00323,F006,Sales Call Notes,2025-12-27,SMB,"Activity Timeline is great, adding scheduled exports would make it perfect. Please advise."
T01169,F029,Zendesk,2025-11-29,Mid-Market,"Ticket from admin: Role-based Permissions clutters the sidebar, can we hide it? Raised by our account manager."
T01234,F034,Sales Call Notes,2026-01-31,Mid-Market,fyi: we use email campaigns heavily; could you add custom fields? rated 3/5.
T01423,F039,G2 Review,2026-01-14,Mid-Market,"the mobile app layout is broken on smaller screens, buttons overlap. please advise."
T00760,F018,NPS Survey,2026-04-18,Mid-Market,Export from Slack Notifications timed out after 10 mintues.
T00612,F013,Zendesk,2025-11-29,SMB,"Hi team, AI Email Assistant is critical for our sales reps, it's the main reason we renewed."
T00584,F011,Community Forum,2026-08-24,Enterprise,"Hi team, it takes way too many clicks to do anything in Pivot Table Explorer. Raised by our account manager."
T00969,,NPS Survey,2026-07-16,SMB,Shared Notes is core to how we run our pipeline reviews. Any update on this?
T01053,F028,Community Forum,2026-06-11,Mid-Market,We use SSO / SAML heavily; could you add custom fields?
T01537,F040,Zendesk,2025-11-01,Enterprise,"Honestly, is there a way to switch off Offline Mode for the finance team? It's unnecessary. Thanks!"
T00087,F002,Jira Service Desk,2026-04-21,Mid-Market,"Love Deal Pipeline, it cut our reporting time in half. Rated 3/5."
T01603,F042,Community Forum,2025-09-25,Mid-Market,The menu is bloated with things like Territory Management. Please advise.
T01522,,G2 Review,2025-12-25,SMB,We use Mobile App heavily; could you add scheduled exports? Rated 3/5.
T00366,F007,Community Forum,2026-06-03,SMB,"FYI: Custom Report Builder takes forever to load, sometimes over 30 seconds. Any update on this?"
T00266,F005,NPS Survey,2026-05-03,SMB,"Thanks to Lead Scoring, our admins spend far less time on manual work. Any update on this?"
T00288,F005,Jira Service Desk,2026-02-22,Enterprise,"FYI: thanks to Lead Scoring, the marketing team spend far less time on manual work."
T01591,F042,NPS Survey,2026-05-16,Mid-Market,"Simple tasks in Territory Management need six or seven steps, very clunky workflow."
T00359,F007,G2 Review,2025-12-05,SMB,Please let admins disable Custom Report Builder entirely. Any update on this?
T00055,F002,Zendesk,2025-11-07,SMB,"Quick feedback: we rely on Deal Pipeline every day, can't imagine working without it."
T01109,F029,NPS Survey,2026-08-02,Mid-Market,Role-based Permissions is a huge time saver for us. This is blocking our team.
T01209,F032,Community Forum,2025-10-01,Enterprise,"Honestly, Data Residency Controls just works, very reliable. Please advise."
T00910,F024,G2 Review,2025-11-22,Mid-Market,"Hello, Internal Wiki duplicates what Team Inbox already does."
T00602,F012,G2 Review,2026-02-08,Mid-Market,"Cohort Analysis is sluggish during peak hours, pages take ages to render. Any update on this?"
T00632,F014,Zendesk,2026-07-14,SMB,conversation intelligence is a huge time saver for us.
T00835,F021,Zendesk,2026-07-27,Mid-Market,Quick feedback: can't figure out where to find the settings in On-prem LDAP Connector. Rated 3/5.
T00222,F004,Sales Call Notes,2026-01-18,Mid-Market,"Hi team, love Calendar Integration, it cut our reporting time in half."
T00114,F003,NPS Survey,2026-03-23,SMB,"Hello, requests to Email Sync time out when we have more than 100,000 records."
T01417,F039,Zendesk,2026-03-07,Mid-Market,"Honestly, Mobile App stopped syncing for our managers after the update."
T00661,,NPS Survey,2025-11-22,Mid-Market,"Sync errors in Chatbot Builder v1, records are missing or duplicated. This is blocking our team."
T00175,F003,G2 Review,2025-11-17,Mid-Market,"Honestly, Email Sync is a huge time saver for us. Thanks!"
T00742,F017,NPS Survey,2026-08-19,Mid-Market,"hello, salesforce bi-directional sync crashes whenever we switch accounts. rated 3/5."
T01117,F029,Jira Service Desk,2025-12-06,SMB,"Hi team, data from Role-based Permissions is not syncing reliably, we see stale records every morning. This is blocking our team."
T01058,F028,Zendesk,2026-05-10,Enterprise,"Hi team, we rely on SSO / SAML every day, can't imagine working without it."
T01259,F034,G2 Review,2026-04-12,SMB,"Hi team, the Email Campaigns layout is broken on smaller screens, buttons overlap. This is blocking our team."
T00019,F001,NPS Survey,2025-11-22,Mid-Market,"Ticket from admin: Contact Management is great, adding multi-currency would make it perfect."
T00424,F007,Zendesk,2026-08-12,Mid-Market,"Hello, Custom Report Builder hits a timeout whenever the finance team load a big account. Please advise."
T01076,F029,NPS Survey,2026-05-16,SMB,Role-based Permissions stopped syncing for customer success after the update. Thanks!
T00286,F005,Jira Service Desk,2026-04-20,SMB,"Honestly, Lead Scoring is essential to our daily workflow."
T00429,F007,Community Forum,2025-10-06,SMB,"Hello, great job on Custom Report Builder, it's the best part of the product. Any update on this?"
T01000,F027,Jira Service Desk,2026-04-30,SMB,Can you remove Gamification Leaderboards from our plan? We're paying for features we don't use. Rated 3/5.
T00479,F009,Sales Call Notes,2026-01-28,SMB,Revenue Forecasting is a huge time saver for us.
T01280,F035,NPS Survey,2026-04-06,SMB,"FYI: love Landing Page Builder, it cut our reporting time in half."
T00032,F001,NPS Survey,2025-09-11,SMB,"Ticket from admin: hard to read Contact Management on mobile, text is cut off."
T01256,F034,Jira Service Desk,2025-09-14,SMB,"It's unintuitive how Email Campaigns is organised, we keep getting lost. Any update on this?"
T00211,F003,Sales Call Notes,2026-08-19,Mid-Market,"hi team, email sync times out on large datasets. raised by our account manager."
T00440,F008,Community Forum,2026-02-13,Mid-Market,"FYI: please extend Executive Dashboards with scheduled exports, we'd use it even more."
T00627,F014,Sales Call Notes,2026-07-13,SMB,"Quick feedback: simple tasks in Conversation Intelligence need six or seven steps, very clunky workflow. Rated 3/5."
T01275,F035,Community Forum,2026-08-08,Mid-Market,"Honestly, Landing Page Builder failed to sync overnight and the data is out of date."
T00215,F004,Sales Call Notes,2026-08-31,Enterprise,"Hello, simple tasks in Calendar Integration need six or seven steps, very clunky workflow. Thanks!"
T01281,F035,Zendesk,2026-03-04,Enterprise,"Hi team, Landing Page Builder froze and we lost our work. Third time this week. Please advise."
T00927,F024,Sales Call Notes,2025-10-29,SMB,"Hello, export from Internal Wiki timed out after 10 minutes. Thanks!"
T00808,F020,Community Forum,2026-02-18,Mid-Market,"Legacy SOAP API is sluggish during peak hours, pages take ages to render. Please advise."
T00327,,Zendesk,2026-01-09,SMB,"Hello, we rely on Activity Timeline every day, can't imagine working without it. Raised by our account manager."
T00472,F008,NPS Survey,2026-07-14,Mid-Market,"FYI: the Executive Dashboards layout is broken on smaller screens, buttons overlap. This is blocking our team."
T01146,,Zendesk,2025-10-07,Mid-Market,"Hello, sync errors in Rloe-based Permissions, records are missing or duplicated."
T00189,F003,G2 Review,2026-04-12,Mid-Market,Too many steps and clicks in Email Sync just to add a filter. Any update on this?
T00576,F011,G2 Review,2025-09-27,SMB,Pivot Table Explorer is fantastic and really valuable for our business. Any update on this?
T00342,,Community Forum,2026-04-29,SMB,Quick feedback: why is Custom Report Builder so slow? It lags every single time we open it.
T01351,F037,NPS Survey,2026-02-24,SMB,"Honestly, the menu is bloated with things like SMS Campaigns."
T00148,F003,Jira Service Desk,2026-05-28,SMB,Quick feedback: loading Email Sync is painfully slow for the marketing team. Please advise.
T00480,F009,NPS Survey,2025-10-28,SMB,"Great job on Revenue Forecasting, it's the best part of the product."
T00361,F007,Sales Call Notes,2026-04-23,SMB,custom report builder crashes whenever we open a large account.
T00084,F002,Zendesk,2025-11-03,Mid-Market,Deal Pipeline is just clutter in the navigation for the finance team. Please advise.
T01170,F029,NPS Survey,2026-04-30,SMB,"Role-based Permissions takes forever to load, sometimes over 30 seconds. Thanks!"
T00775,F018,Zendesk,2025-10-31,Mid-Market,"Slack Notifications is sluggish during peak hours, pages take ages to render."
T00049,F001,Jira Service Desk,2025-11-07,Enterprise,Quick feedback: Contact Management is core to how we run our pipeline reviews.
T00469,F008,Jira Service Desk,2026-07-06,SMB,"Honestly, Executive Dashboards is core to how we run our pipeline reviwes."
T01194,F030,NPS Survey,2026-07-05,SMB,fyi: audit logs is core to how we run our pipeline reviews.
T00156,F003,Zendesk,2025-10-21,Mid-Market,"hello, it takes way too many clicks to do anything in email sync. any update on this?"
T01325,F036,NPS Survey,2026-01-03,Mid-Market,"Quick feedback: Social Media Scheduler seems irrelevant to how we work, nobody uses it."
T01220,F032,G2 Review,2026-01-05,Mid-Market,We use Data Residency Controls heavily; could you add bulk actions?
T00507,F010,Community Forum,2026-04-10,Enterprise,I don't know anyone who actually uses Legacy PDF Report Exporter. Thanks!
T01205,F031,Zendesk,2025-09-09,Mid-Market,"Hello, sync errors in White-label Branding, records are missing or duplicated."
T01404,F039,Community Forum,2026-01-31,Mid-Market,"Honestly, simple tasks in Mobile App need six or seven steps, very clunky workflow. Rated 3/5."
T01316,F036,Zendesk,2026-07-04,SMB,"Too much noise, Social Media Scheduler adds clutter to an already busy screen. Raised by our account manager."
T01588,F042,Zendesk,2026-03-31,Mid-Market,Can you remove Territory Management from our plan? We're paying for features we don't use.
T00585,F011,Zendesk,2025-11-04,SMB,Pivot Table Explorer is just clutter in the navigation for the marketing team. Thanks!
T00180,,NPS Survey,2026-06-18,SMB,"Hello, the Email Sync workflow is clunky, why can't we do this in one step? Any update on this?"
T01080,F029,Zendesk,2026-08-28,Enterprise,"Sync errors in Role-based Permissions, records are missing or duplicated. Thanks!"
T01028,F027,G2 Review,2026-05-06,Mid-Market,"Hello, Gamification Leaderboards takes forever to load, sometimes over 30 seconds."
T01334,F036,Community Forum,2025-11-27,Enterprise,why do we have social media scheduler when web forms does the same thing better? thanks!
T00803,F019,Sales Call Notes,2026-07-05,SMB,"Honestly, Zapier Connector is fantastic and really valuable for our business. Raised by our account manager."
T01306,F036,Jira Service Desk,2026-02-26,Mid-Market,"FYI: Social Media Scheduler is not responsive, the layout breaks on tablets. This is blocking our team."
T01396,,G2 Review,2026-01-03,Mid-Market,Quick feedback: the app crashes when the finance team try to bulk edit records in Web Forms.
T00364,F007,Sales Call Notes,2025-12-21,SMB,"Quick feedback: data from Custom Report Builder is not syncing reliably, we see stale records every morning. Rated 3/5."
T00695,,Jira Service Desk,2026-04-03,Enterprise,"Hi team, Salesforce Bi-directional Sync is essential to our daily workflow."
T00427,F007,Sales Call Notes,2026-04-28,Enterprise,Custom Report Builder saves the inside sales team hours every week. Thanks!
T01260,F034,Community Forum,2026-02-19,Mid-Market,ticket from admin: how do we turn off email campaigns? our users find it distracting.
T01420,,Zendesk,2025-11-11,Enterprise,"Navigation is confusing overall, hard to find things."
T00347,F007,NPS Survey,2026-01-22,SMB,fyi: custom report builder times out on large datasets.
T01114,F029,Zendesk,2026-08-23,SMB,"hello, role-based permissions times out on large datasets. please advise."
T01573,F041,G2 Review,2026-07-06,SMB,"Honestly, Business Card Scanner times out on large datasets. This is blocking our team."
T00721,,Zendesk,2025-11-16,SMB,"Love Salesforce Bi-directional Sync, it cut our reporting time in half."
T00583,F011,NPS Survey,2026-04-24,Mid-Market,"hello, too much noise, pivot table explorer adds clutter to an already busy screen. rated 3/5."
T00746,F017,G2 Review,2026-01-08,Mid-Market,"Honestly, the Salesforce Bi-directional Sync page keeps spinning, load times have gotten much worse since the last release."
T01384,F038,G2 Review,2026-01-31,SMB,"Hello, the help articles for Web Forms don't match the current UI. Any update on this?"
T00669,F017,Jira Service Desk,2025-11-11,SMB,"Ticket from admin: Salesforce Bi-directional Sync takes forever to load, sometimes over 30 seconds."
T00655,,Sales Call Notes,2025-10-13,Mid-Market,"Hello, Chatbot Builder v1 duplicates what HubSpot already does. Please advise."
T01075,F029,Community Forum,2026-05-12,SMB,"quick feedback: love role-based permissions, it cut our reporting time in half. raised by our account manager."
T00244,F004,Zendesk,2026-08-09,Mid-Market,"Hello, unexpected error when saving in Calendar Integration, we have to refresh constantly."
T00941,F025,Sales Call Notes,2026-03-31,Mid-Market,"video meeting recorder takes forever to load, sometimes over 30 seconds."
T01377,F038,Sales Call Notes,2026-06-30,Mid-Market,"Web Forms is great, adding API access would make it perfect. Raised by our account manager."
T00701,F017,NPS Survey,2026-06-27,Enterprise,Salesforce Bi-directional Sync saves the inside sales team hours every week. This is blocking our team.
T01092,,Sales Call Notes,2025-10-07,Enterprise,"Hi team, Role-based Permissions failed to sync overnight and the data is out of date. Thanks!"
T01024,F027,NPS Survey,2026-02-22,Mid-Market,FYI: can't figure out where to find the settings in Gamification Leaderboards. This is blocking our team.
T00313,F006,Zendesk,2025-09-28,Mid-Market,"Really happy with Activity Timeline, it works well for customer success."
T00436,F007,Jira Service Desk,2026-03-29,Enterprise,"FYI: unexpected error when saving in Custom Report Builder, we have to refresh constantly. Thanks!"
T01521,F039,NPS Survey,2026-02-13,Mid-Market,"Honestly, we use the main dashboard instead, so Mobile App is redundant."
T00619,F013,NPS Survey,2025-12-11,SMB,"Hello, AI Email Assistant is fantastic and really valuable for our business. Raised by our account manager."
T00309,F006,G2 Review,2026-08-08,SMB,"Thanks to Activity Timeline, the finance team spend far less time on manual work. Thanks!"
T00431,F007,Zendesk,2026-03-23,SMB,ticket from admin: export from custom report builder timed out after 10 minutes.
T00371,F007,G2 Review,2026-04-25,SMB,"The Custom Report Builder page keeps spinning, load times have gotten much worse since the last release."
T01111,F029,Zendesk,2025-12-15,Mid-Market,"Hi team, data from Role-based Permissions is not syncing reliably, we see stale records every morning. Rated 3/5."
T00182,F003,NPS Survey,2025-12-02,Mid-Market,"The Email Sync layout is broken on smaller screens, buttons overlap."
T00603,F012,Zendesk,2026-08-22,Mid-Market,"FYI: the Cohort Analysis layout is broken on smaller screens, buttons overlap. Thanks!"
T01174,F030,Jira Service Desk,2026-05-25,Mid-Market,"Honestly, the Audit Logs page keeps spinning, load times have gotten much worse since the last release. Rated 3/5."
T00984,,Community Forum,2026-07-25,SMB,"Quick feedback: Shared Notes just works, very reliable. Raised by our account manager."
T01475,F039,G2 Review,2026-07-03,Enterprise,"tciket from admin: mobile app is confusing, the navigation makes no sense to our managers."
T00297,F006,Zendesk,2025-10-17,SMB,"Hard to find anything in Activity Timeline, the menus are confusing. Any update on this?"
T00597,F011,Community Forum,2025-12-03,SMB,FYI: I don't know anyone who actually uses Pivot Table Explorer. Thanks!
T00462,F008,G2 Review,2025-10-12,SMB,fyi: executive dashboards is a huge time saver for us. raised by our account manager.
T01050,F028,Community Forum,2026-02-14,Enterprise,"Hello, data from SSO / SAML is not syncing reliably, we see stale records every morning."
T01139,F029,G2 Review,2026-07-17,Mid-Market,"Honestly, our sales reps needed training just to understand Role-based Permissions, the docs are outdated. Any update on this?"
T00378,F007,Jira Service Desk,2026-05-11,SMB,The help articles for Custom Report Builder don't match the current UI. This is blocking our team.
T00830,F021,G2 Review,2026-03-16,Mid-Market,Quick feedback: On-prem LDAP Connector is fantastic and really valuable for our business. Rated 3/5.
T00127,F003,Sales Call Notes,2025-09-06,Mid-Market,Email Sync is a huge time saver for us. This is blocking our team.
T00918,F024,Sales Call Notes,2026-05-28,Enterprise,Quick feedback: can you remove Internal Wiki from our plan? We're paying for features we don't use. Please advise.
T01189,F030,Sales Call Notes,2026-04-29,Mid-Market,Loading Audit Logs is painfully slow for our admins.
T00356,F007,Sales Call Notes,2026-08-08,Mid-Market,"quick feedback: custom report builder is sluggish during peak hours, pages take ages to render."
T01305,F036,Zendesk,2026-06-08,SMB,Social Media Scheduler crashes whenever we add a filter. Raised by our account manager.
T00210,F003,G2 Review,2025-12-15,SMB,Email Sync is a huge time saver for us. Raised by our account manager.
T00141,F003,NPS Survey,2026-05-31,Enterprise,"Ticket from admin: requests to Email Sync time out when we have more than 100,000 records. Raised by our account manager."
T01336,F036,Sales Call Notes,2025-10-04,SMB,How do we turn off Social Media Scheduler? Our users find it distracting. Rated 3/5.
T01074,F029,Sales Call Notes,2025-12-16,Mid-Market,Role-based Permissions stopped syncing for our admins after the update. Thanks!
T00737,,Zendesk,2026-04-08,SMB,"hello, salesforce bi-directional sync is core to how we run our pipeline reviews."
T01272,F035,Sales Call Notes,2026-06-21,Enterprise,Quick feedback: Landing Page Builder saves the marketing team hours every week. Please advise.
T00924,F024,Community Forum,2026-07-23,Mid-Market,FYI: please let admins disable Internal Wiki entirely.
T01491,F039,Sales Call Notes,2026-08-12,Mid-Market,"Mobile App is critical for RevOps, it's the main reason we renewed. Raised by our account manager."
T01023,F027,Jira Service Desk,2026-02-16,Enterprise,"FYI: too much noise, Gamification Leaderboards adds clutter to an already busy screen. Raised by our account manager."
T00567,F011,Zendesk,2026-04-07,SMB,The menu is bloated with things like Pivot Table Explorer. Rated 3/5.
T00011,F001,Zendesk,2025-09-23,Mid-Market,"Quick feedback: the finance team needed training just to understand Contact Management, the docs are outdated. Rated 3/5."
T00819,F020,Zendesk,2026-07-21,SMB,Please let admins disable Legacy SOAP API entirely. Thanks!
T00283,F005,NPS Survey,2025-10-10,Enterprise,quick feedback: getting an error 500 in lead scoring again when we open a large account. any update on this?
T00292,F006,Zendesk,2026-01-08,Enterprise,Would love Activity Timeline to also support multi-currency. Any update on this?
T01429,F039,Jira Service Desk,2026-07-05,Mid-Market,"Hello, Mobile App just works, very reliable. Raised by our account manager."
T01278,F035,NPS Survey,2026-05-10,Mid-Market,"Honestly, Landing Page Builder is fantastic and really valuable for our business. Any update on this?"
T00130,F003,NPS Survey,2026-01-10,SMB,"Honestly, Email Sync takes forever to load, sometimes over 30 seconds. Any update on this?"
T00324,F006,G2 Review,2026-03-02,Mid-Market,Ticket from admin: we use Activity Timeline heaivly; could you add custom fields?
T01201,F031,Community Forum,2026-07-04,Enterprise,"Ticket from admin: really happy with White-label Branding, it works well for the marketing team. Rated 3/5."
T00950,F025,Zendesk,2025-11-17,Enterprise,"Thanks to Video Meeting Recorder, the marketing team spend far less time on manual work."
T00638,F015,G2 Review,2026-08-13,SMB,Predictive Churn Alerts is fantastic and really valuable for our business. Any update on this?
T00846,F022,Zendesk,2026-02-12,Enterprise,"It's unintuitive how Webhooks is organised, we keep getting lost. Please advise."
T01133,F029,NPS Survey,2025-11-29,Mid-Market,"Role-based Permissions is not responsive, the layout breaks on tablets. Rated 3/5."
T00812,F020,G2 Review,2026-08-03,SMB,"Legacy SOAP API is great, adding role-level visibility would make it perfect."
T00905,F024,NPS Survey,2026-06-12,SMB,"Internal Wiki clutters the sidebar, can we hide it?"
T00159,F003,NPS Survey,2026-07-03,Mid-Market,"Email Sync just works, very reliable."
T00652,F016,Zendesk,2026-01-26,SMB,Chatbot Builder v1 is fantastic and really valuable for our business. Rated 3/5.
T00517,,Sales Call Notes,2025-09-27,SMB,"Honestly, Legacy PDF Report Exporter crashes whenever we switch accounts. Raised by our account manager."
T01375,F038,Zendesk,2026-07-16,SMB,Web Forms saves our managers hours every week. This is blocking our team.
T00196,,Zendesk,2026-03-05,Mid-Market,"Honestly, Email Sync times out on large datasets."
T01347,F037,Zendesk,2026-05-22,SMB,"Hi team, it takes way too many clicks to do anything in SMS Campaigns."
T00577,,Sales Call Notes,2026-08-11,Mid-Market,"Honestly, can you remove Pivot Table Explorer from our plan? We're paying for features we don't use. Rated 3/5."
T00411,F007,Zendesk,2026-07-06,Mid-Market,Quick feedback: Custom Report Builder is a huge time saver for us. Rated 3/5.
T00097,F002,Jira Service Desk,2026-07-04,Enterprise,Would love Deal Pipeline to also support scheduled exports.
T01132,F029,Sales Call Notes,2025-10-12,SMB,Too many steps and clicks in Role-based Permissions just to open a large account. Raised by our account manager.
T00629,,Sales Call Notes,2026-06-25,Mid-Market,Ticket from admin: Conversation Intelligence hits a timeout whenever our admins load a big account.
T00157,F003,Jira Service Desk,2026-08-17,Mid-Market,Why is Email Sync so slow? It lags every single time we open it. Please advise.
T00420,F007,Zendesk,2026-07-16,SMB,Would love Custom Report Builder to also support multi-currency. Any update on this?
T00725,F017,Community Forum,2025-11-09,Mid-Market,"Quick feedback: Salesforce Bi-directional Sync is critical for our managers, it's the main reason we renewed. Thanks!"
T00478,,Zendesk,2026-02-22,SMB,"Too many features we never use, the product feels bloated."
T00988,F026,Zendesk,2026-02-01,Mid-Market,"Honestly, too many steps and clicks in Shared Notes just to open a large account. Any update on this?"
T01069,F029,NPS Survey,2025-10-08,SMB,"FYI: sync errors in Role-based Permissions, records are missing or duplicated. This is blocking our team."
T01048,,NPS Survey,2026-01-08,Enterprise,"Hi team, SSO / SAML just works, very reliable."
T00448,F008,Zendesk,2026-07-23,Enterprise,"fyi: executive dashboards is critical for the inside sales team, it's the main reason we renewed. raised by our account manager."
T00702,F017,Zendesk,2026-02-27,SMB,"the salesforce bi-directional sync layout is broken on smaller screens, buttons overlap. any update on this?"
T00179,F003,Zendesk,2026-04-26,SMB,"FYI: Email Sync is sluggish during peak hours, pages take ages to render. Rated 3/5."
T00391,F007,Zendesk,2026-07-12,Mid-Market,FYI: why do we have Custom Report Builder when Executive Dashboards does the same thing better? Thanks!
T00579,F011,Sales Call Notes,2025-09-29,Enterprise,"Hi team, please let admins disable Pivot Table Explorer entirely. Rated 3/5."
T01381,F038,Sales Call Notes,2025-12-15,Mid-Market,"Helol, Web Forms is critical for customer success, it's the main reason we renewed. Rated 3/5."
T01121,F029,G2 Review,2026-03-19,Enterprise,FYI: Role-based Permissions crashes whenever we upload a file. This is blocking our team.
T01329,F036,NPS Survey,2026-08-29,Enterprise,Getting an error 500 in Social Media Scheduler again when we switch accounts. Thanks!
T01565,F041,NPS Survey,2025-12-22,SMB,"Hi team, please extend Business Card Scanner with role-level visibility, we'd use it even more."
T00651,F016,Sales Call Notes,2026-04-03,SMB,Ticket from admin: I don't know anyone who actually uses Chatbot Builder v1.
T01511,F039,NPS Survey,2026-07-26,SMB,Ticket from admin: Mobile App is core to how we run our pipeline reviews. This is blocking our team.
T00998,F027,Community Forum,2026-08-15,SMB,"Hello, onboarding to Gamification Leaderboards is painful, the tutorial skips important steps. This is blocking our team."
T01223,F032,Community Forum,2026-01-03,Enterprise,"FYI: great job on Data Residency Controls, it's the best part of the product. Any update on this?"
T00899,F023,Community Forum,2026-04-29,SMB,"Thanks to Team Inbox, our managers spend far less time on manual work. Please advise."
T00848,F022,Sales Call Notes,2025-10-09,Mid-Market,Ticket from admin: why do we have Webhooks when HubSpot does the same thing better? Rated 3/5.
T01455,F039,Zendesk,2026-02-08,Mid-Market,The app crashes when RevOps try to bulk edit records in Mobile App. Any update on this?
T00295,F006,Zendesk,2026-08-21,SMB,"Great job on Activity Timeline, it's the best part of the product. Any update on this?"
T00615,,Zendesk,2026-02-14,Mid-Market,Ticket from admin: AI Email Assistant is fantastic and really valuable for our business. This is blocking our team.
T01213,F032,NPS Survey,2026-07-25,Enterprise,"FYI: Data Residency Controls is great, adding custom fields would make it perfect. Thakns!"
T00089,F002,Community Forum,2026-01-03,Enterprise,Quick feedback: Deal Pipeline is core to how we run our pipeline reviews.
T00042,F001,Zendesk,2025-12-08,SMB,Ticket from admin: Contact Management is a huge time saver for us. Rated 3/5.
T01551,F040,Zendesk,2025-10-21,SMB,Quick feedback: can you remove Offline Mode from our plan? We're paying for features we don't use. Raised by our account manager.
T00132,F003,Community Forum,2025-09-24,SMB,Quick feedback: Email Sync is a huge time saver for us. Raised by our account manager.
T00807,,Zendesk,2026-03-03,Enterprise,The whole app feels slow this week.
T01038,F028,Sales Call Notes,2025-11-28,Mid-Market,"Ticket from admin: unexpected error when saving in SSO / SAML, we have to refresh constantly. Thanks!"
T01575,F041,Sales Call Notes,2026-03-09,SMB,"Honestly, onboarding to Business Card Scanner is painful, the tutorial skips important steps. Any update on this?"
T01487,F039,Zendesk,2026-05-25,Mid-Market,"Hi team, can you remove Mobile App from our plan? We're paying for features we don't use. Any update on this?"
T01171,F029,Jira Service Desk,2026-05-15,SMB,"Ticket from admin: please extend Role-based Permissions with API access, we'd use it even more. Raised by our account manager."
T00165,F003,Zendesk,2025-09-08,Enterprise,"Honestly, unexpected error when saving in Email Sync, we have to refresh constantly."
T00291,F006,Zendesk,2026-01-10,Mid-Market,"Quick feedback: Activity Timeline is great, adding scheduled exports would make it perfect."
T01519,F039,Zendesk,2025-10-08,Mid-Market,"Honestly, Mobile App times out on large datasets."
T00675,F017,G2 Review,2026-01-16,Enterprise,"It's unintuitive how Salesforce Bi-directional Sync is organised, we keep getting lost."
T00349,,Zendesk,2026-01-19,Enterprise,"Custom Report Builder is confusing, the navigation makes no sense to our sales reps."
T00572,,G2 Review,2025-12-29,Mid-Market,"Ticket from admin: the Pivot Table Explorer workflow is clunky, why can't we do this in one step? Any update on this?"
T00644,F015,Jira Service Desk,2026-01-22,Enterprise,"Hi team, I don't know anyone who actually uses Predictive Churn Alerts."
T01512,F039,Jira Service Desk,2026-07-15,Enterprise,Getting an error 500 in Mobile App again when we export a report. Please advise.
T00783,F018,Jira Service Desk,2026-02-28,Mid-Market,We use Slack Notifications heavily; could you add multi-currency?
T00949,F025,Jira Service Desk,2026-05-17,Mid-Market,Quick feedback: Video Meeting Recorder times out on large datasets.
T01059,F029,Sales Call Notes,2026-07-27,Enterprise,"Honestly, really happy with Role-based Permissions, it works well for our admins."
T00679,F017,Jira Service Desk,2026-07-25,SMB,Salesforce Bi-directional Sync hits a timeout whenever our admins load a big account. Raised by our account manager.
T00459,F008,Community Forum,2026-07-30,Mid-Market,"Hello, Executive Dashboards is core to how we run our pipeline reviews. Thanks!"
T00376,F007,NPS Survey,2026-05-27,Enterprise,"Thanks to Custom Report Builder, our managers spend far less time on manual work."
T00334,F006,Jira Service Desk,2026-06-19,Mid-Market,"Thanks to Activity Timeline, customer success spend far less time on manual work."
T01365,F038,Zendesk,2026-05-04,Enterprise,"hello, simple tasks in web forms need six or seven steps, very clunky workflow. raised by our account manager."
T01416,F039,G2 Review,2025-12-14,SMB,"Honestly, the Mobile App layout is broken on smaller screens, buttons overlap."
T01366,,G2 Review,2026-08-23,SMB,"Web Forms just works, very reliable."
T01474,F039,Jira Service Desk,2026-08-18,SMB,"mobile app is critical for the finance team, it's the main reason we renewed. any update on this?"
T00665,F016,Community Forum,2026-02-06,Mid-Market,Chatbot Builder v1 times out on large datasets. Thanks!
T01489,F039,NPS Survey,2026-07-02,Mid-Market,"Hi team, really happy with Mobile App, it works well for the marketing team."
T01468,F039,Jira Service Desk,2026-04-03,Mid-Market,"Hello, the app crashes when RevOps try to open a large account in Mobile App."
T00329,,Zendesk,2025-10-15,SMB,"FYI: great job on Activity Timeline, it's the best part of the product. Any update on this?"
T01562,F040,Zendesk,2025-10-19,SMB,"The Offline Mode workflow is clunky, why can't we do this in one step? Raised by our account manager."
T00319,F006,Jira Service Desk,2026-08-17,SMB,"Hi team, Activity Timeline is fantastic and really valuable for our business."
T01235,F034,Zendesk,2026-03-19,Mid-Market,We use Email Campaigns heavily; could you add custom fields?
T01090,F029,Community Forum,2025-11-02,Mid-Market,"Honestly, Role-based Permissions is essential to our daily workflow. Any update on this?"
T00168,F003,Sales Call Notes,2025-11-22,SMB,"Hello, Email Sync stopped syncing for our managers after the update. Rated 3/5."
T00013,F001,NPS Survey,2026-07-24,Enterprise,"Honestly, Contact Management is core to how we run our pipeline reviews."
T00172,F003,Zendesk,2026-05-13,Mid-Market,"FYI: hard to read Email Sync on mobile, text is cut off. Thanks!"
T00261,F005,Jira Service Desk,2026-06-01,Enterprise,"FYI: Lead Scoring is critical for our sales reps, it's the main reason we renewed. Please advise."
T00939,F025,Jira Service Desk,2026-03-30,SMB,"FYI: love Video Meeting Recorder, it cut our reporting time in half. This is blocking our team."
T01202,F031,G2 Review,2025-11-22,Mid-Market,"White-label Branding is great, adding Hindi language support would make it perfect."
T00911,,NPS Survey,2026-05-16,Mid-Market,"Hello, Internal Wiki seems irrelevant to how we work, nobody uses it. Rated 3/5."
T00139,F003,Zendesk,2026-02-06,Mid-Market,"Honestly, simple tasks in Email Sync need six or seven steps, very clunky workflow. Thanks!"
T00550,F010,Zendesk,2026-06-25,Enterprise,"FYI: great job on Legacy PDF Report Exporter, it's the best part of the product. Rated 3/5."
T00931,F024,Zendesk,2026-02-04,SMB,"Hi team, requests to Internal Wiki time out when we have more than 10,000 records. Any update on this?"
T01421,F039,Jira Service Desk,2026-06-26,Mid-Market,"Honestly, Mobile App is a huge time saver for us. Please advise."
T00888,F023,Zendesk,2025-10-03,Enterprise,FYI: the app crashes when the inside sales team try to switch accounts in Team Inbox.
T00559,F011,Zendesk,2025-09-21,Mid-Market,Pivot Table Explorer is just clutter in the navigation for our sales reps. This is blocking our team.
T00140,F003,Zendesk,2026-07-24,Mid-Market,Loading Email Sync is painfully slow for customer success.
T01425,F039,Community Forum,2026-02-17,SMB,"Quick feedback: we rely on Mobile App every day, can't imagine working without it."
T01005,F027,G2 Review,2026-03-15,Enterprise,"Love Gamification Leaderboards, it cut our reporting time in half."
T00225,F004,Zendesk,2026-06-11,Mid-Market,Calendar Integration times out on large datasets.
T00744,,Zendesk,2025-09-12,SMB,"Ticket from admin: unexpected error when saving in Salesforce Bi-directional Sync, we have to refresh constantly. Thanks!"
T00410,F007,Zendesk,2026-01-26,Mid-Market,"Hi team, requests to Custom Report Builder time out when we have more than a million records. Raised by our account manager."
T00326,F006,G2 Review,2026-06-11,Enterprise,Activity Timeline is core to how we run our pipeline reviews. Rated 3/5.
T00782,,Community Forum,2025-11-16,Mid-Market,Slack Notifications is a huge time saver for us. Please advise.
T00300,F006,Zendesk,2026-01-05,Mid-Market,"Quick feedback: Activity Timeline is great, adding bulk actions would make it perfect. Rated 3/5."
T01485,F039,Jira Service Desk,2026-04-29,Mid-Market,"the mobile app page keeps spinning, load times have gotten much worse since the last release. rated 3/5."
T00839,F021,Zendesk,2025-12-27,SMB,"Sync errors in On-prem LDAP Connector, records are missing or duplicated. This is blocking our team."
T01145,F029,G2 Review,2025-11-30,SMB,Loading Role-based Permissions is painfully slow for our managers. Rated 3/5.
T01490,,Sales Call Notes,2026-05-30,Enterprise,"the marketing team needed training just to understand Mobile App, the docs are outdated. Please advise."
T00194,,Zendesk,2026-07-22,Mid-Market,"FYI: Email Sync is great, adding custom fields would make it perfect. Raised by our account manager."
T01207,F032,NPS Survey,2026-03-03,SMB,fyi: we use data residency controls heavily; could you add multi-currency?
T00574,F011,NPS Survey,2026-03-06,SMB,"pivot table explorer is great, adding hindi language support would make it perfect."
T00504,F010,Zendesk,2026-05-20,SMB,"Hi team, Legacy PDF Report Exporter stopped syncing for the finance team after the update. Rated 3/5."
T00606,,Jira Service Desk,2026-05-14,Mid-Market,We keep getting random errors across the platform.
T00966,F025,G2 Review,2026-02-06,SMB,"Quick feedback: the Video Meeting Recorder page keeps spinning, load times have gotten much worse since the last release. This is blocking our team."
T01435,F039,Zendesk,2026-01-14,Enterprise,"Mobile App is great, adding Hindi language support would make it perfect."
T00004,F001,NPS Survey,2026-06-27,SMB,"Great job on Contact Management, it's the best part of the product. Thanks!"
T01388,F038,Sales Call Notes,2026-03-13,SMB,"Ticket from admin: Web Forms just works, very reliable."
T00468,F008,Zendesk,2025-11-28,SMB,"Honestly, please extend Executive Dashboards with scheduled exports, we'd use it even more. Please advise."
T00322,F006,Community Forum,2026-02-12,Mid-Market,"Ticket from admin: thanks to Activity Timeline, RevOps spend far less time on manual work."
T00006,F001,Zendesk,2026-02-03,Enterprise,"Ticket from admin: no documentation for Contact Management, onboarding new reps is hard."
T00223,F004,Zendesk,2025-11-24,SMB,"Hi team, too many steps and clicks in Calendar Integration just to open a large account. Any update on this?"
T00548,F010,Jira Service Desk,2026-06-28,SMB,Please let admins disable Legacy PDF Report Exporter entirely.
T00919,F024,Jira Service Desk,2026-03-06,Mid-Market,"Simple tasks in Internal Wiki need six or seven steps, very clunky workflow."
T00040,F001,Jira Service Desk,2026-05-16,SMB,FYI: Contact Management froze and we lost our work. Third time this week.
T00543,F010,Community Forum,2026-03-10,Enterprise,Ticket from admin: too many steps and clicks in Legacy PDF Report Exporter just to add a filter. Please advise.
T00243,,NPS Survey,2026-03-21,Mid-Market,The help articles for Calendar Integration don't match the current UI.
T00137,F003,G2 Review,2026-08-21,Enterprise,"Hi team, we use Email Sync heavily; could you add role-level visibility? Please advise."
T01532,F040,Zendesk,2026-02-18,Mid-Market,"Hello, I don't know anyone who actually uses Offline Mode. Any update on this?"
T01270,F035,Community Forum,2026-06-12,SMB,"We have never used Landing Page Builder in two years, not sure what it is for. Thanks!"
T01413,F039,Zendesk,2026-04-14,Enterprise,Ticket from admin: Mobile App froze and we lost our work. Third time this week. Raised by our account manager.
T00945,,G2 Review,2026-01-17,Mid-Market,"Honestly, thanks to Video Meeting Recorder, our managers spend far less time on manual work. Please advise."
T01574,F041,Jira Service Desk,2026-05-20,Enterprise,"Please extend Business Card Scanner with multi-currency, we'd use it even more."
T01141,F029,Zendesk,2025-12-04,SMB,"honestly, role-based permissions crashes whenever we bulk edit records."
T00858,F022,G2 Review,2025-09-24,Mid-Market,"Honestly, Webhooks overlaps with our existing tools, it's redundant for us."
T01465,F039,Sales Call Notes,2026-03-14,Mid-Market,"Please extend Mobile App with scheduled exports, we'd use it even more. This is blocking our team."
T00582,F011,Community Forum,2026-02-25,Mid-Market,"Too much noise, Pivot Table Explorer adds clutter to an arleady busy screen. Any update on this?"
T01581,F041,Zendesk,2026-02-20,Mid-Market,Business Card Scanner is core to how we run our pipeline reviews. Any update on this?
T00662,F016,Community Forum,2026-08-31,Mid-Market,"Hello, the Chatbot Builder v1 workflow is clunky, why can't we do this in one step? Raised by our account manager."
T00900,F023,Community Forum,2026-05-24,Mid-Market,FYI: loading Team Inbox is painfully slow for our admins. Rated 3/5.
T01488,F039,Zendesk,2026-04-13,Mid-Market,"Honestly, Mobile App takes forever to load, sometimes over 30 seconds. This is blocking our team."
T00377,F007,Sales Call Notes,2026-01-03,SMB,"Honestly, Custom Report Builder stopped syncing for the marketing team after the update."
T00315,F006,NPS Survey,2026-05-06,Mid-Market,"We rely on Activity Timeline every day, can't imagine working without it. Rated 3/5."
T00443,F008,G2 Review,2025-12-04,Mid-Market,"Quick feedback: great job on Executive Dashboards, it's the best part of the product."
T00320,F006,Zendesk,2025-09-11,Mid-Market,"Hello, we rely on Activity Timeline every day, can't imagine working without it. This is blocking our team."
T00922,F024,Sales Call Notes,2026-01-25,Enterprise,Internal Wiki times out on large datasets.
T00757,F018,Jira Service Desk,2026-06-28,Mid-Market,"Hi team, can't figure out where to find the settings in Slack Notifications. Thanks!"
T00907,F024,G2 Review,2026-05-24,Mid-Market,Getting an error 500 in Internal Wiki again when we export a report. Raised by our account manager.
T01211,F032,Sales Call Notes,2026-01-18,Mid-Market,"fyi: the data residency controls page keeps spinning, load times have gotten much worse since the last release. rated 3/5."
T00425,F007,Jira Service Desk,2026-03-01,SMB,"Quick feedback: Custom Report Builder is critical for the inside sales team, it's the main reason we renewed. Rated 3/5."
T00554,,Sales Call Notes,2026-02-06,Mid-Market,"Hi team, would love Legacy PDF Report Exporter to also support bulk actions. Please advise."
T00595,F011,Zendesk,2026-01-23,Mid-Market,"Pivot Table Explorer seems irrelevant to how we work, nobody uses it. Raised by our account manager."
T00369,,Sales Call Notes,2025-12-25,Mid-Market,"Hi team, Custom Report Builder is a huge time saver for us. Please advise."
T00845,F022,Community Forum,2026-08-28,SMB,"fyi: we rely on webhooks every day, can't imagine working without it. raised by our account manager."
T00889,F023,Community Forum,2025-09-25,Mid-Market,Team Inbox saves our sales reps hours every week. This is blocking our team.
T01303,F036,Jira Service Desk,2026-05-26,SMB,"We have never used Social Media Scheduler in two years, not sure what it is for. Please advise."
T01418,F039,Zendesk,2026-03-19,Enterprise,"Sync errors in Mobile App, records are missing or duplicated."
T00228,F004,Zendesk,2026-03-27,Enterprise,fyi: calendar integration failed to sync overnight and the data is out of date.
T00809,,Zendesk,2026-08-14,SMB,"Hi team, honestly nobody on our team uses Legacy SOAP API. Rated 3/5."
T01262,F034,Sales Call Notes,2026-02-18,Enterprise,Ticket from admin: Email Campaigns is fantastic and really valuable for our business. Thanks!
T01068,F029,Community Forum,2026-02-24,SMB,FYI: the app crashes when RevOps try to export a report in Role-based Permissions.
T00781,F018,NPS Survey,2025-12-15,SMB,"FYI: please extend Slack Notifications with API access, we'd use it even more. Thanks!"
T00067,F002,Zendesk,2026-04-19,Enterprise,"Honestly, is there a way to switch off Deal Pipeline for RevOps? It's unnecessary. This is blocking our team."
T00394,F007,Jira Service Desk,2026-05-24,SMB,"Thanks to Custom Report Builder, our sales reps spend far less time on manual work."
T00580,F011,Zendesk,2026-01-07,Mid-Market,"Quick feedback: no documentation for Pivot Table Explorer, onboarding new reps is hard. Any update on this?"
T00025,F001,G2 Review,2025-09-21,Enterprise,"Hi team, our sales reps needed training just to understand Contact Management, the docs are outdated."
T00212,,Community Forum,2025-11-23,SMB,The whole app feels slow this week.
T01241,F034,Jira Service Desk,2025-10-12,SMB,"Hello, would love Email Campaigns to also support custom fields. Please advise."
T00893,F023,Sales Call Notes,2026-01-08,SMB,"Hello, Team Inbox is essential to our daily workflow. Please advise."
T00537,F010,Community Forum,2026-08-31,Mid-Market,"Legacy PDF Report Exporter is critical for RevOps, it's the main reason we renewed. Raised by our account manager."
T00813,F020,Community Forum,2026-07-20,Mid-Market,Honestly nobody on our team uses Legacy SOAP API.
T01313,,Community Forum,2026-08-18,Enterprise,"Too many features we never use, the product feels bloated."
T00086,F002,Zendesk,2025-12-16,Enterprise,"The Deal Pipeline layout is broken on smaller screens, buttons overlap. Thanks!"
T01448,F039,Zendesk,2025-12-29,Mid-Market,"Hello, data from Mobile App is not syncing reliably, we see stale records every morning. Rated 3/5."
T00273,F005,G2 Review,2025-11-09,Mid-Market,"Thanks to Lead Scoring, the marketing team spend far less time on manual work. Please advise."
T01266,F034,Jira Service Desk,2026-08-04,Enterprise,"hello, email campaigns is essential to our daily workflow."
T01135,F029,Community Forum,2026-02-26,Enterprise,"the role-based permissions workflow is clunky, why can't we do this in one step? rated 3/5."
T01447,F039,Community Forum,2026-08-24,SMB,"Mobile App is great, adding custom fields would make it perfect. Please advise."
T01450,F039,NPS Survey,2026-01-19,Enterprise,"Mobile App just works, very reliable."
T00631,F014,Zendesk,2026-07-28,SMB,"No documentation for Conversation Intelligence, onboarding new reps is hard."
T01102,F029,Community Forum,2025-12-21,SMB,FYI: honestly nobody on our team uses Role-based Permissions. Please advise.
T01499,F039,Jira Service Desk,2026-04-20,Mid-Market,the app crashes when revops try to export a report in mobile app. please advise.
T00506,F010,NPS Survey,2026-08-16,Enterprise,"Hard to find anything in Legacy PDF Report Exporter, the menus are confusing. Thanks!"
T00274,F005,Community Forum,2026-04-30,SMB,"Hello, too much noise, Lead Scoring adds clutter to an already busy screen."
T00820,F020,Community Forum,2026-04-07,SMB,"Hello, honestly nobody on our team uses Legacy SOAP API."
T00363,F007,Jira Service Desk,2026-02-07,Mid-Market,Getting an error 500 in Custom Report Builder again when we add a filter. This is blocking our team.
T00623,F013,Sales Call Notes,2026-04-22,Mid-Market,"Honestly, it takes way too many clicks to do anything in AI Email Assistant. Rated 3/5."
T00003,F001,NPS Survey,2026-02-27,SMB,"Hello, the help articles for Contact Management don't match the current UI."
T00007,F001,Zendesk,2025-11-18,Mid-Market,Quick feedback: we use Contact Management heavily; could you add API access? Raised by our account manager.
T00312,F006,NPS Survey,2026-08-29,SMB,Activity Timeline is fantastic and really valuable for our business. Please advise.
T01493,F039,Community Forum,2025-12-12,Mid-Market,"Ticket from admin: we rely on Mobile App every day, can't imagine working without it. Thanks!"
T01444,F039,NPS Survey,2025-11-11,Enterprise,"Mobile App takes forever to load, sometimes over 30 seconds. This is blocking our team."
T00666,F016,NPS Survey,2025-10-19,SMB,Why is Chatbot Builder v1 so slow? It lags every single time we open it.
T00365,F007,NPS Survey,2026-03-03,Enterprise,Custom Report Builder stopped syncing for our managers after the update.
T01584,F042,Jira Service Desk,2026-01-21,Mid-Market,Quick feedback: Territory Management is essential to our daily workflow.
T00216,F004,NPS Survey,2025-10-06,SMB,"Simple tasks in Calendar Integration need six or seven steps, very clunky workflow. Raised by our account manager."
T01118,F029,Jira Service Desk,2025-11-04,Enterprise,"Hello, thanks to Role-based Permissions, the finance team spend far less time on manual work. Please advise."
T00028,F001,G2 Review,2026-02-18,Enterprise,"The Contact Management workflow is clunky, why can't we do this in one step? Any update on this?"
T01394,F038,Sales Call Notes,2026-07-12,Enterprise,"Honestly, we rely on Web Forms every day, can't imagine working without it. This is blocking our team."
T00999,F027,NPS Survey,2026-08-02,Mid-Market,"Honestly, Gamification Leaderboards duplicates what Video Meeting Recorder already does. Thanks!"
T01471,F039,Zendesk,2026-02-22,Mid-Market,"unexpected error when saving in moible app, we have to refresh constantly. please advise."
T00768,F018,NPS Survey,2026-07-12,SMB,"Slack Notifications is critical for customer success, it's the main reason we renewed."
T00639,F015,Zendesk,2026-08-29,Mid-Market,"Hard to read Predictive Churn Alerts on mobile, text is cut off. This is blocking our team."
T00856,F022,G2 Review,2026-04-29,SMB,FYI: export from Webhooks timed out after 10 minutes. Any update on this?
T00719,F017,NPS Survey,2025-10-03,Enterprise,"the salesforce bi-directional sync workflow is clunky, why can't we do this in one step? any update on this?"
T00692,F017,Community Forum,2026-03-13,SMB,Salesforce Bi-directional Sync is just clutter in the navigation for the marketing team. Please advise.
T01477,F039,Zendesk,2026-06-20,SMB,"Hello, too many steps and clicks in Mobile App just to bulk edit records."
T00625,,NPS Survey,2026-06-18,Mid-Market,"Hello, is there a way to switch off AI Email Assistant for RevOps? It's unnecessary. Raised by our account manager."
T00977,F026,NPS Survey,2026-05-26,Mid-Market,Ticket from admin: Shared Notes is fantastic and really valuable for our business.
T00257,F004,Community Forum,2026-06-20,Enterprise,"FYI: Calendar Integration is sluggish during peak hours, pages take ages to render. Raised by our account manager."
T00026,F001,Jira Service Desk,2025-12-03,Enterprise,Contact Management duplicates what Activity Timeline already does. Rated 3/5.
T00337,F007,NPS Survey,2025-09-12,Mid-Market,Custom Report Builder is fantastic and really valuable for our business.
T00573,F011,G2 Review,2026-05-22,SMB,"FYI: we use HubSpot instead, so Pivot Table Explorer is redundant. Rated 3/5."
T00048,F001,G2 Review,2026-05-09,SMB,"Honestly, Contact Management is great, adding custom fields would make it perfect."
T00107,,Zendesk,2026-07-26,SMB,"Hi team, can't figure out where to find the settings in Email Sync. Any update on this?"
T00350,F007,Sales Call Notes,2025-11-23,Mid-Market,"Ticket from admin: it's unintuitive how Custom Report Builder is organised, we keep getting lost."
T00056,F002,Community Forum,2025-11-02,Mid-Market,Deal Pipeline is fantastic and really valuable for our business.
T00926,,Community Forum,2026-05-21,SMB,"Hello, Internal Wiki overlaps with our existing tools, it's redundant for us. Please advise."
T00214,F003,Zendesk,2025-12-01,Mid-Market,Exoprt from Email Sync timed out after 10 minutes. Rated 3/5.
T00121,F003,Jira Service Desk,2026-07-11,SMB,"Honestly, really happy with Email Sync, it works well for our sales reps."
T01002,F027,Zendesk,2026-04-02,Mid-Market,"hello, export from gamification leaderboards timed out after 10 minutes."
T01390,,Zendesk,2026-07-09,SMB,"Ticket from admin: Web Forms is not responsive, the layout breaks on tablets. This is blocking our team."
T00073,,Zendesk,2026-06-24,Enterprise,"Please extend Deal Pipeline with bulk actions, we'd use it even more. Rated 3/5."
T01392,F038,Community Forum,2026-03-04,SMB,"The Web Forms page keeps spinning, load times have gotten much worse since the last release."
T01162,F029,Community Forum,2026-02-14,Enterprise,"Honestyl, Role-based Permissions is confusing, the navigation makes no sense to RevOps. Raised by our account manager."
T00818,F020,NPS Survey,2025-12-08,Mid-Market,Legacy SOAP API failed to sync overnight and the data is out of date.
T00046,,G2 Review,2026-01-20,Mid-Market,"Overall a solid product, it saves us a lot of time."
T01353,F037,NPS Survey,2025-09-17,Mid-Market,Quick feedback: SMS Campaigns is a huge time saver for us.
T00524,F010,Jira Service Desk,2025-10-05,Mid-Market,"FYI: Legacy PDF Report Exporter overlaps with our existing tools, it's redundant for us. Thanks!"
T01001,F027,Zendesk,2025-09-27,Mid-Market,"Hello, it's unintuitive how Gamification Leaderboards is organised, we keep getting lost. Please advise."
T01598,F042,G2 Review,2025-11-10,Enterprise,"Hello, unexpected error when saving in Territory Management, we have to refresh constantly."
T01520,F039,Community Forum,2025-10-05,Mid-Market,"Hello, please extend Mobile App with bulk actions, we'd use it even more."
T00951,F025,Sales Call Notes,2026-02-26,Mid-Market,"Hello, how do we turn off Video Meeting Recorder? Our users find it distracting. Thanks!"
T00534,F010,G2 Review,2025-10-25,SMB,"FYI: too much noise, Legacy PDF Report Exporter adds clutter to an already busy screen. Raised by our account manager."
T01285,F035,Community Forum,2026-05-17,Mid-Market,I don't know anyone who actually uses Landing Page Builder. This is blocking our team.
T00604,F012,NPS Survey,2026-08-28,Mid-Market,"Honestly, the Cohort Analysis layout is broken on smaller screens, buttons overlap."
T00466,F008,Sales Call Notes,2026-05-14,Enterprise,"Too much noise, Executive Dashboards adds clutter to an already busy screen. This is blocking our team."
T00933,F024,Zendesk,2026-04-01,SMB,"Hello, no documentation for Internal Wiki, onboarding new reps is hard. Rated 3/5."
T00789,F018,Community Forum,2026-04-24,Mid-Market,Ticket from admin: why is Slack Notifications so slow? It lags every single time we open it.
T01496,F039,G2 Review,2026-01-30,Mid-Market,"mobile app is not responsive, the layout breaks on tablets."
T00887,F023,Jira Service Desk,2026-06-06,Mid-Market,"Team Inbox is critical for the finance team, it's the main reason we renewed. Any update on this?"
T01051,F028,G2 Review,2025-12-13,Mid-Market,"Quick feedback: the SSO / SAML layout is broken on smaller screens, buttons overlap. This is blocking our team."
T00061,F002,Zendesk,2026-05-08,Mid-Market,How do we turn off Deal Pipeline? Our users find it distracting. This is blocking our team.
T01019,F027,Zendesk,2026-08-23,Mid-Market,Gamification Leaderboards is fantastic and really valuable for our business. Any update on this?
T00093,F002,Sales Call Notes,2026-06-18,SMB,"Hello, Deal Pipeline is great, adding bulk actions would make it perfect. This is blocking our team."
T00667,F016,Jira Service Desk,2025-09-23,Mid-Market,"Hi team, Chatbot Builder v1 is core to how we run our pipeline reviews."
T00799,F019,NPS Survey,2026-01-28,SMB,"Hello, Zapier Connector duplicates what our BI tool already does. Raised by our account manager."
T00195,F003,Jira Service Desk,2026-01-09,Mid-Market,"Hi team, please extend Email Sync with Hindi language support, we'd use it even more."
T00281,F005,Sales Call Notes,2026-07-24,Enterprise,Ticket from admin: the help articles for Lead Scoring don't match the current UI. Please advise.
T00696,F017,NPS Survey,2026-01-14,SMB,FYI: Salesforce Bi-directional Sync is core to how we run our pipeline reviews. Any update on this?
T00360,F007,NPS Survey,2026-03-15,Mid-Market,"Ticket from admin: Custom Report Builder just works, very reliable. Rated 3/5."
T00520,F010,NPS Survey,2025-10-01,SMB,"Legacy PDF Report Exporter is not responsive, the layout breaks on tablets. Thanks!"
T01539,F040,Community Forum,2025-10-16,SMB,Offline Mode stopped syncing for our admins after the update. Raised by our account manager.
T01044,F028,Zendesk,2025-10-25,SMB,"fyi: our admins needed training just to understand sso / saml, the docs are outdated. any update on this?"
T00183,F003,Jira Service Desk,2026-03-29,SMB,Quick feedback: getting an error 500 in Email Sync again when we save changes. Thanks!
T01097,,Jira Service Desk,2025-09-23,Mid-Market,Role-based Permissions is fantastic and really valuable for our business. Raised by our account manager.
T01106,F029,Jira Service Desk,2025-12-09,SMB,"Hi team, unexpected error when saving in Role-based Permissions, we have to refresh constantly."
T00111,F003,Sales Call Notes,2026-05-15,SMB,requests to email sync time out when we have more than 25k records. any update on this?
T00989,F027,Sales Call Notes,2025-09-17,SMB,"Honestly, Gamification Leaderboards seems irrelevant to how we work, nobody uses it. This is blocking our team."
T00043,,G2 Review,2026-08-13,SMB,"Contact Management just works, very reliable."
T00747,F017,Sales Call Notes,2026-01-02,Mid-Market,Loading Salesforce Bi-directional Sync is painfully slow for customer success. Thanks!
T00126,F003,Sales Call Notes,2026-05-08,Mid-Market,We use Email Sync heavily; could you add API access? Rated 3/5.
T00205,F003,Jira Service Desk,2026-05-27,Enterprise,"FYI: Email Sync is sluggish during peak hours, pages take ages to render. Any update on this?"
T00940,F025,Zendesk,2026-08-31,Mid-Market,"Sync errors in Video Meeting Recorder, records are missing or duplicated. This is blocking our team."
T00053,F002,Community Forum,2026-03-23,SMB,FYI: loading Deal Pipeline is painfully slow for our managers.
T01204,F031,Zendesk,2026-04-12,Mid-Market,"Honestly, White-label Branding stopped syncing for the inside sales team after the update. Please advise."
T00546,F010,Sales Call Notes,2025-12-15,Enterprise,legacy pdf report exporter failed to sync overnight and the data is out of date. any update on this?
T00069,,Community Forum,2026-01-03,SMB,"Deal Pipeline is great, adding multi-currency would make it perfect. This is blocking our team."
T00508,F010,G2 Review,2026-02-10,SMB,"Honestly, Legacy PDF Report Exporter is not responsive, the layout breaks on tablets."
T01250,F034,Zendesk,2026-07-13,Mid-Market,"The Email Campaigns layout is broken on smaller screens, buttons overlap."
T00986,F026,Jira Service Desk,2026-03-06,SMB,"FYI: onboarding to Shared Notes is painful, the tutorial skips important steps."
T00859,F022,NPS Survey,2025-12-29,Enterprise,"Hello, Webhooks failed to sync overinght and the data is out of date. Thanks!"
T00184,F003,Community Forum,2026-05-25,Mid-Market,"Email Sync just works, very reliable. Thanks!"
T00138,F003,Zendesk,2026-01-04,Mid-Market,"Honestly, really happy with Email Sync, it works well for the inside sales team."
T00797,F019,Zendesk,2026-07-22,SMB,"Honestly, Zapier Connector is a huge time saver for us. Thanks!"
T00133,F003,Jira Service Desk,2025-11-30,SMB,"fyi: the email sync workflow is clunky, why can't we do this in one step? raised by our account manager."
T00081,F002,Community Forum,2026-08-10,Mid-Market,"Hi team, really happy with Deal Pipeline, it works well for our sales reps. Any update on this?"
T01553,F040,Community Forum,2026-06-06,Enterprise,Is there a way to switch off Offline Mode for our admins? It's unnecessary. Raised by our account manager.
T00106,F003,Jira Service Desk,2026-08-29,Mid-Market,"Hi team, Email Sync is confusing, the navigation makes no sense to our managers."
T01245,F034,Sales Call Notes,2026-08-05,Enterprise,"Really happy with Email Campaigns, it works well for the finance team."
T00542,F010,Sales Call Notes,2026-01-13,Mid-Market,"Hi team, no documentation for Legacy PDF Report Exporter, onboarding new reps is hard. Rated 3/5."
T00840,F021,Sales Call Notes,2026-08-25,SMB,On-prem LDAP Connector froze and we lost our work. Third time this week.
T00481,F009,Zendesk,2026-03-08,Enterprise,"Hi team, Revenue Forecasting is fantastic and really valuable for our business. Thanks!"
T00166,F003,G2 Review,2026-06-27,Enterprise,"Simple tasks in Email Sync need six or seven steps, very clunky workflow. Rated 3/5."
T00249,F004,Zendesk,2025-11-01,SMB,Calendar Integration saves the inside sales team hours every week.
T00308,F006,NPS Survey,2026-01-07,Enterprise,Quick feedback: can you remove Activity Timeline from our plan? We're paying for features we don't use. Rated 3/5.
T00447,F008,G2 Review,2026-05-08,Mid-Market,"Hi team, love Executive Dashboards, it cut our reporting time in half. This is blocking our team."
T00850,F022,Zendesk,2026-03-15,Mid-Market,"Webhooks just works, very reliable. This is blocking our team."
T00335,F006,Community Forum,2026-02-09,Mid-Market,"Hi team, the help articles for Activity Timeline don't match the current UI. This is blocking our team."
T00937,F024,Zendesk,2025-11-22,Enterprise,"Hello, Internal Wiki crashes whenever we open a large account."
T00098,F002,Sales Call Notes,2026-07-19,Enterprise,"Hello, Deal Pipeline times out on large datasets."
T01492,F039,Community Forum,2026-03-07,SMB,"Thanks to Mobile App, the finance team spend far less time on manual work. This is blocking our team."
T01585,F042,Zendesk,2026-01-04,Mid-Market,"Hi team, it's unintuitive how Territory Management is organised, we keep getting lost. Any update on this?"
T00738,,G2 Review,2026-02-26,SMB,quick feedback: salesforce bi-directional sync hits a timeout whenever revops load a big account.
T01010,,Zendesk,2026-02-16,SMB,Gamification Leaderboards is a huge time saver for us. Rated 3/5.
T00963,F025,Sales Call Notes,2026-08-21,SMB,"We use HubSpot instead, so Video Meeting Recorder is redundant. Raised by our account manager."
T00422,F007,Jira Service Desk,2025-10-02,Mid-Market,Custom Report Builder froze and we lost our work. Third time this week.
T00103,,Sales Call Notes,2026-07-31,SMB,Loading Email Sync is painfully slow for our sales reps. Please advise.
T00435,F007,G2 Review,2025-11-30,Mid-Market,"Hello, Custom Report Builder saves customer success hours every week. Raised by our account manager."
T00075,F002,Zendesk,2026-07-30,Mid-Market,"we rely on deal pipeline every day, can't imagine working without it."
T01439,F039,Sales Call Notes,2025-10-20,SMB,"Hi team, Mobile App is fantastic and really valuable for our business. Rated 3/5."
T01253,F034,G2 Review,2026-05-26,SMB,"Hard to find anything in Email Campaigns, the menus are confusing. Thanks!"
T01165,F029,Jira Service Desk,2025-12-20,Mid-Market,"We rely on Role-based Permissions every day, can't imagine working without it. This is blocking our team."
T01459,F039,Zendesk,2025-12-16,Mid-Market,quick feedback: loading mobile app is painfully slow for our sales reps. any update on this?
T00303,F006,Sales Call Notes,2025-12-18,Mid-Market,"Please extend Activity Timeline with bulk actions, we'd use it even more. Please advise."
T01385,F038,Jira Service Desk,2026-01-12,Mid-Market,"Honestly, getting an error 500 in Web Forms again when we export a report. Thanks!"
T01352,F037,Zendesk,2026-01-01,Enterprise,"Hello, would love SMS Campaigns to also support custom fields. Raised by our account manager."
T01309,F036,G2 Review,2026-07-30,SMB,"Honestly, is there a way to switch off Social Media Scheduler for the inside sales team? It's unnecessary. Any update on this?"
T00825,F020,Zendesk,2025-10-15,SMB,I don't know anyone who actually uses Legacy SOAP API. Raised by our account manager.
T00763,F018,Jira Service Desk,2026-03-13,Enterprise,Ticket from admin: would love Slack Notifications to also support multi-currency.
T00734,,Zendesk,2025-11-25,SMB,We keep getting random errors across the platform.
T00389,,Zendesk,2026-08-07,SMB,"Love Custom Report Builder, it cut our reporting time in half. Please advise."
T00236,F004,Zendesk,2026-06-03,Mid-Market,"Ticket from admin: the Calendar Integration page keeps spinning, load times have gotten much worse since the last release. This is blocking our team."
T01590,F042,Jira Service Desk,2026-08-17,Mid-Market,"It's unintuitive how Territory Management is organised, we keep getting lost."
T00268,F005,Jira Service Desk,2026-03-01,SMB,"Hi team, Lead Scoring is fantastic and really valuable for our business. Please advise."
T00306,F006,Community Forum,2026-03-10,Enterprise,"Really happy with Activity Timeline, it works well for our managers. This is blocking our team."
T00901,F023,G2 Review,2026-03-28,SMB,Quick feedback: would love Team Inbox to also support multi-currency. Raised by our account manager.
T00118,F003,Sales Call Notes,2026-02-26,SMB,How do we turn off Email Sync? Our users find it distracting.
T01297,F035,Sales Call Notes,2025-12-20,Mid-Market,"Hi team, export from Landing Page Builder timed out after 10 minutes. This is blocking our team."
T00674,,G2 Review,2026-03-25,Mid-Market,"The Salesforce Bi-directional Sync page keeps spinning, load times have gotten much worse since the last release."
T00250,F004,G2 Review,2026-08-24,Mid-Market,"Ticket from admin: really happy with Calendar Integration, it works well for our managers."
T01229,F033,Community Forum,2026-07-20,SMB,quick feedback: requests to sandbox environments time out when we have more than a million records. this is blocking our team.
T01343,F037,G2 Review,2026-03-16,SMB,sms campaigns duplicates what web forms already does. please advise.
T00072,F002,Community Forum,2026-08-07,Mid-Market,"We rely on Deal Pipeline every day, can't imagine working without it."
T00095,F002,Zendesk,2025-12-12,SMB,"We have never used Deal Pipeline in two years, not sure what it is for. Raised by our account manager."
T00975,F026,Zendesk,2025-12-08,Enterprise,"Shared Notes clutters the sidebar, can we hide it? Please advise."
T00034,F001,NPS Survey,2026-08-14,Enterprise,Too many steps and clicks in Contact Management just to open a large account. Raised by our account manager.
T00800,,NPS Survey,2026-05-30,Enterprise,"Honestly, Zapier Connector is not responsive, the layout breaks on tablets."
T01175,,Zendesk,2026-01-14,Mid-Market,Ticket from admin: it takes way too many clicks to do anything in Audit Logs.
T01373,,Sales Call Notes,2026-08-17,Enterprise,"Honestly, Web Forms saves the inside sales team hours every week. Please advise."
T00449,,Zendesk,2026-06-12,SMB,"Hi team, is there a way to switch off Executive Dashboards for customer success? It's unnecessary. This is blocking our team."
T00446,F008,Jira Service Desk,2026-06-15,SMB,Executive Dashboards is essential to our daily workflow. This is blocking our team.
T00772,F018,Zendesk,2025-10-23,Enterprise,"Hi team, Slack Notifications is a huge time saver for us. Raised by our account manager."
T00717,F017,Zendesk,2026-02-06,SMB,"the inside sales team needed training just to understand Salesforce Bi-directional Sync, the docs are outdated. Any update on this?"
T01289,F035,G2 Review,2025-09-11,Mid-Market,We use Landing Page Builder heavily; could you add multi-currency?
T01224,F032,NPS Survey,2025-12-04,Enterprise,"FYI: thanks to Data Residency Controls, the inside sales team spend far less time on manual work."
T00001,F001,Zendesk,2026-06-07,Mid-Market,"Really happy with Contact Management, it works well for RevOps. Raised by our account manager."
T01321,F036,Zendesk,2026-07-15,Mid-Market,"Honestly, why is Social Media Scheduler so slow? It lags every single time we open it. Thanks!"
T01104,F029,Sales Call Notes,2026-08-06,SMB,"Hello, pelase extend Role-based Permissions with scheduled exports, we'd use it even more."
T00078,F002,G2 Review,2026-07-18,SMB,"Hi team, Deal Pipeline failed to sync overnight and the data is out of date. Thanks!"
T00085,F002,Zendesk,2026-02-14,Mid-Market,Would love Deal Pipeline to also support bulk actions. Any update on this?
T01291,F035,G2 Review,2026-08-26,Mid-Market,"FYI: we have never used Landing Page Builder in two years, not sure what it is for. Any update on this?"
T00083,F002,Sales Call Notes,2026-06-21,SMB,"Simple tasks in Deal Pipeline need six or seven steps, very clunky workflow. Thanks!"
T00458,,Zendesk,2026-08-30,Enterprise,I don't know anyone who actually uses Executive Dsahboards. Raised by our account manager.
T01041,F028,Jira Service Desk,2025-09-28,Mid-Market,"FYI: love SSO / SAML, it cut our reporting time in half. Raised by our account manager."
T00677,,Community Forum,2026-03-06,Enterprise,"Sync errors in Salesforce Bi-directional Sync, records are missing or duplicated. Any update on this?"
T01545,F040,Jira Service Desk,2025-11-22,Enterprise,"FYI: Offline Mode is confusing, the navigation makes no sense to our sales reps. Thanks!"
T01221,F032,Sales Call Notes,2025-09-27,Mid-Market,Too many steps and clicks in Data Residency Controls just to upload a file.
T00437,F007,G2 Review,2026-05-05,SMB,Cusotm Report Builder hits a timeout whenever the marketing team load a big account. Please advise.
T00771,F018,Sales Call Notes,2026-01-16,SMB,"Please extend Slack Notifications with scheduled exports, we'd use it even more. Raised by our account manager."
T00870,F023,Community Forum,2026-07-04,Enterprise,Team Inbox stopped syncing for the inside sales team after the update. Raised by our account manager.
T00645,F015,Community Forum,2026-03-09,Enterprise,"Honestly, Predictive Churn Alerts saves the finance team hours every week."
T00863,,Sales Call Notes,2025-12-26,Mid-Market,Webhooks is essential to our daily workflow. Any update on this?
T00943,F025,NPS Survey,2026-06-16,Mid-Market,"Hi tema, export from Video Meeting Recorder timed out after 10 minutes. This is blocking our team."
T01036,,Sales Call Notes,2026-08-11,SMB,"FYI: Gamification Leaderboards clutters the sidebar, can we hide it?"
T01277,F035,Community Forum,2025-10-30,Mid-Market,Landing Page Builder saves the inside sales team hours every week.
T01198,F031,Jira Service Desk,2026-04-21,Enterprise,"Hello, honestly nobody on our team uses White-label Branding. This is blocking our team."
T00405,F007,Zendesk,2025-09-28,SMB,Custom Report Builder is essential to our daily workflow.
T01395,F038,Zendesk,2025-09-21,SMB,"Quick feedback: we rely on Web Forms every day, can't imagine working without it. Thanks!"
T01047,F028,NPS Survey,2026-06-21,SMB,"Honestly, SSO / SAML is critical for RevOps, it's the main reason we renewed. Thanks!"
T01514,F039,NPS Survey,2026-03-31,Mid-Market,"the marketing team needed training just to understand Mobile App, the docs are outdated."
T00105,F003,Jira Service Desk,2026-03-26,Mid-Market,Email Sync is a huge time saver for us.
T00610,F013,Jira Service Desk,2026-01-01,SMB,"AI Email Assistant takes forever to load, sometimes over 30 seconds."
T01304,F036,Jira Service Desk,2025-11-16,SMB,"Simple tasks in Social Media Scheduler need six or seven steps, very clunky workflow. Please advise."
T00689,F017,Zendesk,2026-07-19,Mid-Market,Quick feedback: Salesforce Bi-directional Sync failed to sync overnight and the data is out of date. Thanks!
T01433,,NPS Survey,2026-05-26,Mid-Market,"Onboarding to Mobile App is painful, the tutorial skips important steps. This is blocking our team."
T00827,F021,Zendesk,2026-07-25,Mid-Market,"Hi team, please let admins disable On-prem LDAP Connector entirely. Thanks!"
T01376,F038,G2 Review,2025-10-07,Mid-Market,"Honestly, we use Web Forms heavily; could you add API access?"
T01302,F036,Sales Call Notes,2026-04-23,SMB,Ticket from admin: too many steps and clicks in Social Media Scheduler just to upload a file. Raised by our account manager.
T00063,F002,Community Forum,2026-07-28,Mid-Market,"The Deal Pipeline workflow is clunky, why can't we do this in one step? Please advise."
T00282,F005,G2 Review,2025-12-01,SMB,"Lead Scoring just works, very reliable."
T00853,F022,Sales Call Notes,2026-03-19,SMB,"It's unintuitive how Webhooks is organised, we keep getting lost. Raised by our account manager."
T00779,F018,Jira Service Desk,2026-02-19,Enterprise,Slack Notifications is essential to our daily workflow. This is blocking our team.
T01085,F029,NPS Survey,2025-11-04,Enterprise,"Onboarding to Role-based Permissions is painful, the tutorial skips important steps. Please advise."
T00239,F004,Zendesk,2026-04-08,SMB,"We rely on Calendar Integration every day, can't imagine working without it. Raised by our account manager."
T00224,F004,G2 Review,2026-08-30,SMB,"Please extend Calendar Integration with Hindi language support, we'd use it even more. Raised by our account manager."
T00146,F003,NPS Survey,2026-06-24,Enterprise,"Honestly, hard to find anything in Email Sync, the menus are confusing. This is blocking our team."
T01498,,Sales Call Notes,2025-12-07,SMB,"hi team, mobile app is essential to our daily workflow."
T00374,F007,Community Forum,2026-05-25,Enterprise,"Hello, would love Custom Report Builder to also support multi-currency. Please advise."
T01315,F036,Zendesk,2025-09-10,Mid-Market,Honestly nobody on our team uses Social Media Scheduler. Any update on this?
T00119,F003,Community Forum,2026-04-12,Mid-Market,"Please extend Email Sync with scheduled exports, we'd use it even more. Raised by our account manager."
T01206,F032,Zendesk,2026-08-05,SMB,"Hi team, Data Residency Controls is great, adding bulk actions would make it perfect. Thanks!"
T01203,F031,G2 Review,2025-10-17,Mid-Market,"Hard to read White-label Branding on mobile, text is cut off."
T00251,F004,G2 Review,2026-03-11,Mid-Market,"Honestly, Calendar Integration duplicates what HubSpot already does. Raised by our account manager."
T01548,F040,Jira Service Desk,2025-10-27,Enterprise,"Honestly, Offline Mode seems irrelevant to how we work, nobody uses it. Rated 3/5."
T01294,F035,Sales Call Notes,2025-11-29,SMB,"No documentation for Landing Page Builder, onboarding new reps is hard. Any update on this?"
T01027,F027,G2 Review,2026-06-06,Mid-Market,"FYI: hard to read Gamification Leaderboards on mobile, text is cut off."
T00010,F001,G2 Review,2026-06-29,Enterprise,"Contact Management is great, adding bulk actions would make it perfect. Raised by our account manager."
T00450,F008,NPS Survey,2026-02-23,Mid-Market,Executive Dashboards failed to sync overnight and the data is out of date. Rated 3/5.
T01243,F034,G2 Review,2026-08-31,Enterprise,"Quick feedback: Email Campaigns just works, very reliable. Raised by our account manager."
T01177,F030,Jira Service Desk,2026-05-19,Mid-Market,Too many steps and clicks in Audit Logs just to switch accounts. This is blocking our team.
T00709,F017,Zendesk,2025-11-04,Mid-Market,"Hi team, Salesforce Bi-directional Sync is core to how we run our pipeline reviews. Please advise."
T00256,F004,Jira Service Desk,2026-06-24,SMB,"Simple tasks in Calendar Integration need six or seven steps, very clunky workflow. Rated 3/5."
T00883,F023,Zendesk,2025-10-08,Mid-Market,"Love Team Inbox, it cut our reporting time in half. Thanks!"
T00594,,Jira Service Desk,2026-06-17,SMB,Quick feedback: getting an error 500 in Pivot Table Explorer again when we switch accounts. Please advise.
T00390,,NPS Survey,2026-08-13,Mid-Market,"Too many features we never use, the product feels bloated."
T01264,F034,Community Forum,2026-03-30,SMB,"Email Campaigns is critical for our sales reps, it's the main reason we renewed."
T01286,F035,Zendesk,2026-04-04,Mid-Market,"simple tasks in landing page builder need six or seven steps, very clunky workflow. rated 3/5."
T00558,F010,Zendesk,2026-04-23,Enterprise,"Hi team, Legacy PDF Report Exporter clutters the sidebar, can we hide it? This is blocking our team."
T00909,F024,Sales Call Notes,2026-03-31,Enterprise,"Hi team, Internal Wiki failed to sync overnight and the data is out of date."
T00925,F024,Jira Service Desk,2025-12-28,SMB,"Hi team, hard to read Internal Wiki on mobile, text is cut off."
T01379,F038,Zendesk,2025-10-22,Mid-Market,"honestly, thanks to web forms, customer success spend far less time on manual work."
T00967,F026,Sales Call Notes,2025-10-24,Mid-Market,quick feedback: would love shared notes to also support api access.
T00461,F008,Jira Service Desk,2025-11-14,Mid-Market,"Hello, thanks to Executive Dashboards, the inside sales team spend far less time on manual work."
T00724,F017,Jira Service Desk,2026-01-10,SMB,"Thanks to Salesforce Bi-directional Sync, the finance team spend far less time on manual work."
T01531,F039,NPS Survey,2026-06-07,Enterprise,Mobile App is core to how we run our pipeline reviews. Rated 3/5.
T01481,F039,Jira Service Desk,2026-04-07,SMB,"hello, the marketing team needed training just to understand mobile app, the docs are outdated."
T00145,F003,Zendesk,2026-03-27,Mid-Market,"FYI: Email Sync is great, adding custom fields would make it perfect. Thanks!"
T00959,F025,Community Forum,2026-04-22,SMB,"Hello, Video Meeting Recorder duplicates what HubSpot already does. Thanks!"
T00502,F010,Zendesk,2025-12-25,SMB,Legacy PDF Rpeort Exporter hits a timeout whenever the inside sales team load a big account.
T00923,F024,Community Forum,2026-05-13,Mid-Market,"Internal Wiki takes forever to load, sometimes over 30 seconds."
T01173,F030,Jira Service Desk,2025-12-16,Mid-Market,Loading Audit Logs is painfully slow for the marketing team. This is blocking our team.
T00740,F017,Community Forum,2026-05-15,Mid-Market,Ticket from admin: getting an error 500 in Salesforce Bi-directional Sync again when we export a report.
T01484,F039,Community Forum,2025-10-27,SMB,Mobile App failed to sync overnight and the data is out of date.
T00869,F023,Community Forum,2026-07-31,Enterprise,"Ticket from admin: Team Inbox just works, very reliable."
T00732,F017,Jira Service Desk,2026-03-29,SMB,"Quick feedback: hard to read Salesforce Bi-directional Sync on mobile, text is cut off. Rated 3/5."
T00540,F010,Zendesk,2026-07-01,Mid-Market,Please let admins disable Legacy PDF Report Exporter entirely.
T00178,F003,Sales Call Notes,2026-02-18,SMB,Loading Email Sync is painfully slow for our admins. Any update on this?
T01550,F040,Sales Call Notes,2026-01-24,SMB,"Ticket from admin: hard to find anything in Offline Mode, the menus are confusing. Rated 3/5."
T00698,F017,Community Forum,2025-10-09,SMB,Quick feedback: Salesforce Bi-directional Sync is a huge time saver for us. Rated 3/5.
T01494,F039,Sales Call Notes,2025-09-20,SMB,"We rely on Mobile App every day, can't imagine working without it. Please advise."
T01119,,Sales Call Notes,2026-04-23,Mid-Market,Loading Role-based Permissions is painfully slow for RevOps. Raised by our account manager.
T01008,F027,G2 Review,2025-10-19,Enterprise,"Hi team, love Gamification Leaderboards, it cut our reporting time in half."
T01030,F027,Jira Service Desk,2025-11-07,SMB,"Hello, can't figure out where to find the settings in Gamification Leaderboards. Please advise."
T01600,F042,Jira Service Desk,2025-10-29,Enterprise,Export from Territory Management timed out after 10 minutes.
T00008,F001,NPS Survey,2026-06-08,Enterprise,FYI: Contact Management saves the marketing team hours every week. Please advise.
T00995,,Zendesk,2026-08-11,SMB,"Hi team, Gamification Leaderboards seems irrelevant to how we work, nobody uses it."
T00668,F016,NPS Survey,2026-04-29,SMB,Ticket from admin: the menu is bloated with things like Chatbot Builder v1.
T01466,F039,Zendesk,2026-01-20,Mid-Market,"Please extend Mobile App with custom fields, we'd use it even more. Thanks!"
T01231,F034,Sales Call Notes,2026-03-13,Enterprise,"Hi team, we rely on Email Campaigns every day, can't imagine working without it. Please advise."
T00358,,Community Forum,2025-11-21,Enterprise,"FYI: Custom Report Builder is sluggish during peak hours, pages take ages to render. Rated 3/5."
T00968,F026,Jira Service Desk,2026-04-13,SMB,Quick feedback: honestly nobody on our team uses Shared Notes. Any update on this?
T00784,F018,Zendesk,2025-10-30,SMB,"honestly, slack notifications is fantastic and really valuable for our business. any update on this?"
T00736,F017,Zendesk,2026-07-02,SMB,"FYI: great job on Salesforce Bi-directional Sync, it's the best part of the product."
T00330,,G2 Review,2025-10-24,Mid-Market,Atcivity Timeline is a huge time saver for us. This is blocking our team.
T01125,F029,NPS Survey,2026-08-02,SMB,"Honsetly, Role-based Permissions saves customer success hours every week."
T00971,F026,Zendesk,2026-08-29,SMB,"FYI: Shared Notes seems irrelevant to how we work, nobody uses it. Thanks!"
T00953,,Zendesk,2026-06-18,Mid-Market,We keep getting random errors across the platform.
T01230,F033,NPS Survey,2026-07-19,SMB,"Ticket from admin: no documentation for Sandbox Environments, onboarding new reps is hard."
T01282,F035,Sales Call Notes,2025-11-14,Mid-Market,Quick feedback: Landing Page Builder times out on large datasets. Raised by our account manager.
T00259,F005,G2 Review,2026-05-05,Mid-Market,"Quick feedback: love Lead Scoring, it cut our reporting time in half. Thanks!"
T01183,F030,G2 Review,2025-09-21,Mid-Market,"Ticket from admin: really happy with Audit Logs, it works well for our managers. Any update on this?"
T01560,F040,NPS Survey,2026-03-14,Enterprise,I don't know anyone who actually uses Offline Mode. Rated 3/5.
T00373,F007,NPS Survey,2026-02-11,Mid-Market,"Quick feedback: hard to find anything in Custom Report Builder, the menus are confusing."
T01180,F030,Sales Call Notes,2026-04-06,Enterprise,"FYI: love Audit Logs, it cut our reporting time in half. Raised by our account manager."
T00415,F007,Jira Service Desk,2026-03-29,Mid-Market,Quick feedback: the help articles for Custom Report Builder don't match the current UI. Thanks!
T00143,F003,Zendesk,2026-02-23,Enterprise,"it's unintuitive how email sync is organised, we keep getting lost. raised by our account manager."
T00526,F010,Jira Service Desk,2025-09-16,Mid-Market,"honestly, sync errors in legacy pdf report exporter, records are missing or duplicated. please advise."
T01217,F032,NPS Survey,2026-08-04,Mid-Market,Data Residency Controls is a huge time saver for us. Please advise.
T00233,,G2 Review,2026-08-18,Enterprise,"Overall a solid product, it saves us a lot of time."
T01247,F034,Zendesk,2025-11-03,Mid-Market,"Honestly, love Email Campaigns, it cut our reporting time in half. Raised by our account manager."
T01524,F039,Sales Call Notes,2026-04-22,SMB,"FYI: thanks to Mobile App, the marketing team spend far less time on manual work. Raised by our account manager."
T00441,F008,Sales Call Notes,2025-10-28,SMB,"Executive Dashboards is confusing, the navigation makes no sense to customer success. Any update on this?"
T00532,F010,Zendesk,2026-08-18,Mid-Market,"Legacy PDF Report Exporter clutters the sidebar, can we hide it?"
T01287,,Zendesk,2025-09-17,Enterprise,"Quick feedback: Landing Page Builder is not responsive, the layout breaks on tablets. Any update on this?"
T00227,F004,G2 Review,2026-07-24,SMB,We use Calendar Integration heavily; could you add Hindi language support?
T01403,F038,NPS Survey,2025-11-12,Enterprise,FYI: how do we turn off Web Forms? Our users find it distracting.
T00229,F004,Community Forum,2026-06-17,SMB,"Love Calendar Integration, it cut our reporting time in half. Raised by our account manager."
T01546,,Zendesk,2026-02-05,Enterprise,"the finance team needed training just to understand Offline Mode, the docs are outdated. Any update on this?"
T01389,F038,Zendesk,2026-07-30,Mid-Market,"It's unintuitive how Web Forms is organised, we keep getting lost."
T00213,,Jira Service Desk,2025-12-26,Mid-Market,FYI: I don't know anyone who actually uses Email Sync.
T00886,F023,Zendesk,2025-11-24,Mid-Market,"Hi team, can't figure out where to find the settings in Team Inbox. Rated 3/5."
T00080,,Zendesk,2026-06-06,Mid-Market,Deal Pipeline saves the marketing team hours every week. Please advise.
T00149,F003,Sales Call Notes,2026-06-08,Enterprise,"Hello, Email Sync is essential to our daily workflow. Raised by our account manager."
T00815,F020,Zendesk,2025-11-04,Mid-Market,"honestly, legacy soap api is confusing, the navigation makes no sense to our managers. please advise."
T01034,F027,Zendesk,2026-03-28,Enterprise,"We use Excel instead, so Gamification Leaderboards is redundant."
T01458,F039,Zendesk,2026-05-09,SMB,"fyi: unexpected error when saving in mobile app, we have to refresh constantly."
T00672,F017,G2 Review,2026-05-11,Mid-Market,"Hello, really happy with Salesforce Bi-directional Sync, it works well for the inside sales team. Thanks!"
T01237,F034,Zendesk,2026-07-31,Enterprise,"Love Email Campaigns, it cut our reporting time in half. Please advise."
T00556,F010,NPS Survey,2025-10-18,Mid-Market,legacy pdf report exporter times out on large datasets.
T00058,F002,Zendesk,2026-04-03,Enterprise,"Deal Pipeline is critical for RevOps, it's the main reason we renewed."
T00134,F003,Jira Service Desk,2026-08-07,SMB,"Thanks to Email Sync, RevOps spend far less time on manual work. Raised by our account manager."
T01186,F030,NPS Survey,2026-06-06,SMB,"Hello, great job on Audit Logs, it's the best part of the product. Rated 3/5."
T00934,F024,Jira Service Desk,2025-10-20,Enterprise,Internal Wiki failed to sync overnight and the data is out of date. Any update on this?
T01363,F038,G2 Review,2026-07-11,Mid-Market,"Honestly, Web Forms is critical for the marketing team, it's the main reason we renewed. Thanks!"
T00824,F020,Jira Service Desk,2026-05-31,Mid-Market,"Hello, can you remove Legacy SOAP API from our plan? We're paynig for features we don't use. Thanks!"
T00505,F010,NPS Survey,2026-05-22,Mid-Market,"Hi team, is there a way to switch off Legacy PDF Report Exporter for our managers? It's unnecessary."
T01428,,Sales Call Notes,2026-04-17,Mid-Market,Quick feedback: Mobile App froze and we lost our work. Third time this week. This is blocking our team.
T00348,F007,NPS Survey,2026-07-24,SMB,Would love Custom Report Builder to also support bulk actions.
T00387,F007,Sales Call Notes,2026-06-07,Enterprise,"quick feedback: it's unintuitive how custom report builder is organised, we keep getting lsot."
T01025,F027,Jira Service Desk,2026-02-17,Mid-Market,Would love Gamification Leaderboards to also support scheduled exports.
T00895,F023,Jira Service Desk,2026-08-13,Mid-Market,"Love Team Inbox, it cut our reporting time in half. Thanks!"
T00829,F021,NPS Survey,2025-09-30,Mid-Market,Quick feedback: requests to On-prem LDAP Connector time out when we have more than 50k records. Please advise.
T01587,F042,Zendesk,2025-12-27,Mid-Market,Territory Management times out on large datasets. Raised by our account manager.
T00476,F009,Zendesk,2025-10-12,Mid-Market,"Honestly, Revenue Forecasting saves the finance team hours every week. Raised by our account manager."
T01269,F035,NPS Survey,2026-05-27,Enterprise,"The Landing Page Builder page keeps spinning, load times have gotten much worse since the last release. Please advise."
T00653,F016,Jira Service Desk,2026-08-16,Enterprise,"Quick feedback: Chatbot Builder v1 overlaps with our existing tools, it's redundant for us. Please advise."
T00173,F003,Zendesk,2026-05-26,Mid-Market,Email Sync times out on large datasets. Please advise.
T00039,F001,Zendesk,2026-04-14,SMB,"Ticket from admin: thanks to Contact Management, our admins spend far less time on manual work. Any update on this?"
T00714,F017,G2 Review,2026-06-19,Mid-Market,ticket from admin: salesforce bi-directional sync is essential to our daily workflow.
T00091,F002,Community Forum,2025-10-04,SMB,FYI: why is Deal Pipeline so slow? It lags every single time we open it.
T01554,F040,G2 Review,2026-07-11,Mid-Market,Quick feedback: can't figure out where to find the settings in Offline Mode.
T00876,F023,Jira Service Desk,2026-01-09,Enterprise,"Hi team, Team Inbox hits a timeout whenever RevOps load a big account. Raised by our account manager."
T01572,F041,Zendesk,2026-03-27,Mid-Market,"Business Card Scanner just works, very reliable."
T01094,F029,Community Forum,2025-10-17,SMB,Loading Role-based Permissions is painfully slow for the inside sales team.
T01571,F041,NPS Survey,2025-10-25,SMB,"Hi team, Business Card Scanner is a huge time saver for us."
T00500,F010,Zendesk,2025-09-22,Mid-Market,"FYI: simple tasks in Legacy PDF Report Exporter need six or seven steps, very clunky workflow. Please advise."
T00339,,NPS Survey,2026-05-16,Mid-Market,Quick feedback: export from Custom Report Builder timed out after 10 minutes. Please advise.
T00029,,Community Forum,2025-09-06,Mid-Market,"Please extend Contact Management with scheduled exports, we'd use it even more. Thanks!"
T01064,,Jira Service Desk,2026-06-22,SMB,"hello, honestly nobody on our team uses role-based permissions. rated 3/5."
T01461,F039,G2 Review,2025-10-16,Enterprise,quick feedback: export from mobile app timed out after 10 minutes. please advise.
T00946,,Sales Call Notes,2026-04-22,SMB,FYI: how do we turn off Video Meeting Recorder? Our users find it distracting. Raised by our account manager.
T00170,F003,Community Forum,2026-03-02,SMB,"Email Sync is not responsive, the layout breaks on tablets. Thanks!"
T00913,F024,Jira Service Desk,2026-03-15,Enterprise,Loading Internal Wiki is painfully slow for our admins. This is blocking our team.
T00492,F009,Zendesk,2026-01-15,SMB,"Love Revenue Forecasting, it cut our reporting time in half. This is blocking our team."
T00954,F025,Community Forum,2025-09-30,SMB,FYI: why do we have Video Meeting Recorder when Gamification Leaderboards does the same thing better?
T01033,F027,Sales Call Notes,2026-03-15,Mid-Market,FYI: Gamification Leaderboards times out on large datasets. Raised by our account manager.
T00588,F011,Zendesk,2026-08-01,Mid-Market,"Ticket from admin: it's unintuitive how Pivot Table Explorer is organised, we keep getting lost. This is blocking our team."
T00751,F018,Jira Service Desk,2026-04-16,SMB,"The Slack Notifications layout is broken on smaller screens, buttons overlap. Raised by our account manager."
T00658,F016,Community Forum,2026-01-25,Enterprise,"Hello, the help articles for Chatbot Builder v1 don't match the current UI. Any update on this?"
T00235,F004,NPS Survey,2026-07-03,Mid-Market,Can you remove Calendar Integration from our plan? We're paying for features we don't use. Any update on this?
T00733,F017,NPS Survey,2026-02-13,Mid-Market,Quick feedback: Salesforce Bi-directional Sync is essential to our daily workflow.
T01570,F041,Sales Call Notes,2026-03-27,SMB,"Hello, I don't know anyone who actually uses Business Card Scanner. Thanks!"
T01314,F036,G2 Review,2025-11-08,Mid-Market,Social Media Scheduler stopped syncing for our admins after the update. Rated 3/5.
T00935,F024,NPS Survey,2026-03-22,Mid-Market,"Hello, getting an error 500 in Internal Wiki again when we open a large account. This is blocking our team."
T01066,F029,G2 Review,2025-12-05,Enterprise,"Honestly, Role-based Permissions is essential to our daily workflow."
T00109,,Community Forum,2025-09-13,Mid-Market,"Hi team, love Email Sync, it cut our reporting time in half."
T01246,,Sales Call Notes,2026-07-05,Mid-Market,"Honestly, we rely on Email Campaigns every day, can't imagine working without it."
T00569,F011,NPS Survey,2025-11-25,SMB,"hello, love pivot table explorer, it cut our reporting time in half. rated 3/5."
T00891,F023,Jira Service Desk,2026-03-09,Mid-Market,Team Inbox is core to how we run our pipeline reviews.
T00948,F025,Zendesk,2026-01-11,Mid-Market,Ticket from admin: Video Meeting Recorder is just clutter in the navigation for our managers.
T01049,F028,Zendesk,2025-10-12,Mid-Market,Would love SSO / SAML to also support scheduled exports. Please advise.
T01084,,Zendesk,2026-04-25,Mid-Market,We use Role-based Permissions heavily; could you add scheduled exports?
T00885,F023,Community Forum,2026-08-18,SMB,FYI: Team Inbox is essential to our daily workflow. This is blocking our team.
T01354,F037,Sales Call Notes,2026-02-09,SMB,"Hello, SMS Campaigns stopped syncing for RevOps after the update. This is blocking our team."
T00851,F022,Zendesk,2026-05-23,Mid-Market,FYI: Webhooks is a huge time saver for us. This is blocking our team.
T00735,F017,Sales Call Notes,2026-04-12,Enterprise,"Hello, requests to Salesforce Bi-directional Sync time out when we have more than 25k records. Please advise."
T00718,F017,NPS Survey,2025-12-25,SMB,"It's unintuitive how Saelsforce Bi-directional Sync is organised, we keep getting lost. Raised by our account manager."
T00455,F008,G2 Review,2025-09-17,Mid-Market,"Honestly, data from Executive Dashboards is not syncing reliably, we see stale records every morning. This is blocking our team."
T00265,F005,Zendesk,2026-08-01,Mid-Market,"Lead Scoring is great, adding bulk actions would make it perfect. Thanks!"
T00076,F002,Zendesk,2026-08-17,SMB,"Honestly, please extend Deal Pipeline with bulk actions, we'd use it even more."
T00445,F008,Jira Service Desk,2025-11-04,Mid-Market,"Please extend Executive Dashboards with custom fields, we'd use it even more. Thanks!"
T00396,F007,Zendesk,2026-06-17,Mid-Market,Custom Report Builder is fantastic and really valuable for our business. Any update on this?
T00177,F003,G2 Review,2026-01-10,SMB,"Email Sync is sluggish during peak hours, pages take ages to render. This is blocking our team."
T01043,F028,Community Forum,2025-10-02,Enterprise,"Unexpected error when saving in SSO / SAML, we have to refresh constantly. Rated 3/5."
T01402,F038,Community Forum,2026-02-20,Enterprise,It takes way too many clicks to do anything in Web Forms.
T01126,F029,G2 Review,2026-07-19,SMB,"Role-based Permissions is critical for RevOps, it's the main reason we renewed. Please advise."
T01108,F029,Sales Call Notes,2025-12-29,Enterprise,i don't know anyone who actually uses role-based permissions. any update on this?
T00596,,Zendesk,2026-01-19,Mid-Market,"Love Pivot Table Explorer, it cut our reporting time in half. Please advise."
T00062,F002,G2 Review,2025-09-17,Mid-Market,"Honestly, great job on Deal Pipeline, it's the best part of the product. Raised by our account manager."
T00873,F023,Community Forum,2025-12-08,Mid-Market,"hello, team inbox failed to sync overnight and the data is out of date. raised by our account manager."
T01199,,NPS Survey,2026-05-30,Mid-Market,"Thanks to White-label Branding, RevOps spend far less time on manual work. Please advise."
T01506,F039,Jira Service Desk,2026-06-16,Mid-Market,"Honestly, the Mobile App workflow is clunky, why can't we do this in one step? Thanks!"
T00279,F005,Community Forum,2025-10-14,Mid-Market,"FYI: hard to find anything in Lead Scoring, the menus are confusing. Any update on this?"
T00037,F001,Zendesk,2026-02-20,Mid-Market,"Hi team, Contact Management is critical for our sales reps, it's the main reason we renewed. Rated 3/5."
T00663,F016,Jira Service Desk,2026-05-25,Mid-Market,Chatbot Builder v1 failed to sync overnight and the data is out of date. Raised by our account manager.
T01451,,Sales Call Notes,2026-06-05,Enterprise,"Hello, Mobile App is core to how we run our pipeline reviews."
T01161,F029,G2 Review,2026-05-09,Enterprise,"Honestly, onboarding to Role-based Permissions is painful, the tutorial skips important steps. This is blocking our team."
T00978,F026,Zendesk,2026-03-22,SMB,"Hello, Shared Notes is great, adding API access would make it perfect."
T00739,F017,NPS Survey,2025-10-31,SMB,"Hi team, data from Salesforce Bi-directional Sync is not syncing reliably, we see stale records every morning. Any update on this?"
T00192,F003,Sales Call Notes,2026-07-15,SMB,"Quick feedback: Emial Sync is sluggish during peak hours, pages take ages to render."
T00920,,Zendesk,2025-11-10,SMB,"unexpected error when saving in internal wiki, we have to refresh constantly."
T00457,F008,Sales Call Notes,2025-12-02,Mid-Market,"data from executive dashboards is not syncing reliably, we see stale records every morning. this is blocking our team."
T00676,F017,G2 Review,2026-02-16,SMB,"we rely on salesforce bi-directional sync every day, can't imagine working without it."
T00761,F018,NPS Survey,2026-06-08,SMB,Would love Slack Notifications to also support multi-currency. Please advise.
T01538,F040,Sales Call Notes,2026-07-18,Mid-Market,"Quick feedback: Offline Mode overlaps with our existing tools, it's redundant for us. Rated 3/5."
T00729,F017,Jira Service Desk,2026-03-12,SMB,"Hi team, Salesforce Bi-directional Sync is great, adding custom fields would make it perfect. Any update on this?"
T00413,F007,Zendesk,2026-03-01,SMB,"Ticket from admin: simple tasks in Custom Report Builder need six or seven steps, very clunky workflow."
T01099,F029,G2 Review,2025-12-27,Mid-Market,Would love Role-based Permissions to also support role-level visibility. This is blocking our team.
T00826,F021,Zendesk,2025-09-17,Enterprise,Getting an error 500 in On-prem LDAP Connector again when we add a filter.
T00617,F013,Zendesk,2026-04-17,Enterprise,"AI Email Assistant is sluggish during peak hours, pages take ages to render. Please advise."
T00115,F003,Community Forum,2026-05-25,Mid-Market,"sync errors in email sync, records are missing or duplicated. thanks!"
T00418,F007,Community Forum,2025-10-04,SMB,FYI: Custom Report Builder crashes whenever we save changes.
T01530,F039,Jira Service Desk,2026-01-11,SMB,"Love Mobile App, it cut our reporting time in half."
T00970,F026,Community Forum,2025-12-09,Mid-Market,FYI: the menu is bloated with things like Shared Notes. This is blocking our team.
T00605,F012,Sales Call Notes,2026-06-20,Mid-Market,"Hello, export from Cohort Analysis timed out after 10 minutes. Any update on this?"
T01536,F040,NPS Survey,2025-10-28,Enterprise,Offline Mode times out on large datasets. Please advise.
T00090,F002,Zendesk,2026-04-29,SMB,"Ticket from admin: love Deal Pipeline, it cut our reporting time in half. Thanks!"
T00849,F022,Jira Service Desk,2025-12-06,SMB,"Webhooks is great, adding Hindi language support would make it perfect. Any update on this?"
T01226,F033,Zendesk,2026-06-09,SMB,"Sandbox Environments is confusing, the navigation makes no sense to the finance team. Rated 3/5."
T01535,F040,Zendesk,2025-12-21,SMB,"Hi team, the app crashes when customer success try to add a filter in Offline Mode."
T00754,F018,NPS Survey,2026-03-14,Enterprise,We use Slack Notifications heavily; could you add role-level visibility? Rated 3/5.
T00499,F010,Zendesk,2026-06-27,Enterprise,FYI: honestly nobody on our team uses Legacy PDF Report Exporter.
T00012,F001,Community Forum,2026-02-27,Enterprise,"Hi team, it's unintuitive how Contact Management is organised, we keep getting lost."
T00397,F007,NPS Survey,2026-05-01,Mid-Market,"Hello, Custom Report Builder is essential to our daily workflow. Raised by our account manager."
T00285,F005,Zendesk,2026-02-17,SMB,"Hello, Lead Scoring is fantastic and really valuable for our business. This is blocking our team."
T01067,F029,Jira Service Desk,2026-02-08,Mid-Market,Ticket from admin: Role-based Permissions froze and we lost our work. Third time this week.
T00691,F017,Zendesk,2026-08-24,SMB,"Quick feedback: data from Salesforce Bi-directional Sync is not syncing reliably, we see stale records every morning. Please advise."
T01317,F036,Jira Service Desk,2026-02-15,Enterprise,FYI: Social Media Scheduler stopped syncing for the finance team after the update. Rated 3/5.
T01503,F039,Jira Service Desk,2026-03-03,Enterprise,mobile app times out on large datasets. please advise.
T00690,F017,NPS Survey,2025-10-30,Mid-Market,Salesforce Bi-directional Sync hits a timeout whenever our managers load a big account. This is blocking our team.
T00852,F022,Sales Call Notes,2026-05-02,Mid-Market,"Webhooks is great, adding bulk actions would make it perfect. Please advise."
T00160,F003,NPS Survey,2025-11-03,Mid-Market,We use Email Sync heavily; could you add Hindi language support? Thanks!
T00896,F023,G2 Review,2026-05-03,Mid-Market,Would love Team Inbox to also support multi-currency.
T01273,F035,Zendesk,2026-02-11,Enterprise,"Hello, hard to read Landing Page Builder on mobile, text is cut off."
T00258,F004,NPS Survey,2026-05-25,Mid-Market,"FYI: love Calendar Integration, it cut our reporting time in half. Raised by our account manager."
T00336,F006,Sales Call Notes,2026-08-17,Enterprise,FYI: it takes way too many clicks to do anything in Activity Timeline. Rated 3/5.
T01507,F039,Jira Service Desk,2025-12-20,SMB,Can you remove Mobile App from our plan? We're paying for features we don't use. Any update on this?
T01040,F028,Community Forum,2026-02-16,Enterprise,SSO / SAML is fantastic and really valuable for our business. Thanks!
T00516,F010,Community Forum,2026-01-15,SMB,legacy pdf report exporter hits a timeout whenever the finance team load a big account. please advise.
T01016,,Community Forum,2026-02-06,SMB,"We have never used Gamification Leaderboards in two years, not sure what it is for. Please advise."
T00769,F018,NPS Survey,2026-04-12,Enterprise,Slack Notifications is fantastic and really valuable for our business.
T01408,F039,Jira Service Desk,2026-08-12,Enterprise,"mobile app seems irrelevant to how we work, nobody uses it."
T00762,F018,Zendesk,2025-09-11,Mid-Market,Export from Slack Notifications timed out after 10 minutes. Raised by our account manager.
T01179,F030,Zendesk,2026-08-05,Mid-Market,Ticket from admin: can't figure out where to find the settings in Audit Logs. Any update on this?
T01593,F042,NPS Survey,2026-03-08,Mid-Market,"FYI: the Territory Management workflow is clunky, why can't we do this in one step? Rated 3/5."
T00522,F010,Jira Service Desk,2025-12-29,Mid-Market,"Requests to Legacy PDF Report Exporter time out when we have more than 100,000 records."
T00023,,Sales Call Notes,2025-12-20,Mid-Market,"Hi team, Contact Management is sluggish during peak hours, pages take ages to render."
T00357,F007,Community Forum,2026-03-08,Mid-Market,"Hello, please extend Custom Report Builder with API access, we'd use it even more. Rated 3/5."
T01362,F038,Zendesk,2025-09-09,Enterprise,"FYI: we have never used Web Forms in two years, not sure what it is for."
T00341,F007,NPS Survey,2026-01-02,SMB,Custom Report Builder is a huge time saver for us. Thanks!
T00432,F007,G2 Review,2026-03-23,Mid-Market,"Hi team, would love Custom Report Builder to also support custom fields. Raised by our account manager."
T00474,F009,Jira Service Desk,2026-02-15,Mid-Market,"Honestly, getting an error 500 in Revenue Forecasting again when we open a large account."
T00218,F004,Zendesk,2025-11-12,SMB,FYI: we use Calendar Integration heavily; could you add multi-currency? Any update on this?
T00912,F024,Sales Call Notes,2026-08-26,SMB,"Hello, the app crashes when the inside sales team try to switch accounts in Internal Wiki. Rated 3/5."
T01290,F035,Sales Call Notes,2026-01-12,Mid-Market,"Sync errors in Landing Page Builder, records are missing or duplicated. Any update on this?"
T01012,F027,G2 Review,2026-01-12,Mid-Market,"FYI: it's unintuitive how Gamification Leaderboards is organised, we keep getting lost. Please advise."
T01564,F040,Sales Call Notes,2026-08-20,Mid-Market,Ticket from admin: is there a way to switch off Offline Mode for our admins? It's unnecessary.
T00094,F002,NPS Survey,2026-02-23,Mid-Market,"Please extend Deal Pipeline with API access, we'd use it even more."
T01009,F027,Jira Service Desk,2025-09-11,Enterprise,Is there a way to switch off Gamification Leaderboards for the finance team? It's unnecessary. Please advise.
T01071,F029,Sales Call Notes,2026-05-11,Mid-Market,"FYI: Role-based Permissions is not responsive, the layout breaks on tablets. This is blocking our team."
T01093,F029,G2 Review,2026-07-20,SMB,Role-based Permissions crashes whenever we bulk edit records. Please advise.
T00697,F017,G2 Review,2026-02-14,Enterprise,"Hello, Salesforce Bi-directional Sync seems irrelevant to how we work, nobody uses it. Any update on this?"
T01440,F039,NPS Survey,2026-02-05,Enterprise,The help articles for Mobile App don't match the current UI. Rated 3/5.
T00997,,Jira Service Desk,2026-02-15,Mid-Market,"Hello, too much noise, Gamification Leaderboards adds clutter to an already busy screen."
T00154,F003,Zendesk,2026-05-05,Mid-Market,Export from Email Sync timed out after 10 minutes. Raised by our account manager.
T01100,F029,Zendesk,2025-11-15,Mid-Market,"Quick feedback: it's unintuitive how Role-based Permissions is organised, we keep getting lost. This is blocking our team."
T01541,,Zendesk,2025-10-21,SMB,Export from Offline Mode timed out after 10 minutes. Any update on this?
T01605,F042,Zendesk,2026-07-02,Mid-Market,FYI: the menu is bloated with things like Territory Management. Raised by our account manager.
T00790,F018,Jira Service Desk,2026-02-21,SMB,"Honestly, love Slack Notifications, it cut our reporting time in half. Any update on this?"
T00581,F011,G2 Review,2026-01-09,Enterprise,"Honestly, I don't know anyone who actually uses Pivot Table Explorer."
T00704,F017,Jira Service Desk,2025-10-17,SMB,Ticket from admin: would love Salesforce Bi-directional Sync to also support API access. Please advise.
T01348,F037,G2 Review,2026-06-20,Mid-Market,Ticket from admin: would love SMS Campaigns to also support API access. Any update on this?
T00488,F009,Sales Call Notes,2025-12-26,Mid-Market,"Ticket from admin: really happy with Revenue Forecasting, it works well for our sales reps."
T00560,F011,G2 Review,2026-03-13,Mid-Market,"Data from Pivot Table Explorer is not syncing reliably, we see stale records every morning."
T01142,F029,Zendesk,2026-03-20,Enterprise,"Hello, would love Role-based Permissions to also support bulk actions. This is blocking our team."
T01120,F029,Community Forum,2026-02-05,SMB,"Honestly, Role-based Permissions is fantastic and really valuable for our business. Thanks!"
T00802,F019,Zendesk,2026-04-30,SMB,"Honestly, really happy with Zapier Connector, it works well for our admins. Raised by our account manager."
T00513,F010,Jira Service Desk,2025-09-30,Mid-Market,"Hi team, Legacy PDF Report Exporter duplicates what HubSpot already does. Thanks!"
T00634,F015,G2 Review,2026-03-13,Mid-Market,"Predictive Churn Alerts is not responsive, the layout breaks on tablets. This is blocking our team."
T01188,F030,NPS Survey,2026-08-27,Enterprise,Why is Audit Logs so slow? It lags every single time we open it.
T01436,,G2 Review,2026-05-01,SMB,"Hello, we rely on Mobile App every day, can't imagine working without it. Please advise."
T01151,,Jira Service Desk,2026-08-02,Mid-Market,"Ticket from admin: requests to Role-based Permissions time out when we have more than 10,000 records. Raised by our account manager."
T00791,F018,NPS Survey,2026-05-20,Mid-Market,"Honestly, Slack Notifications is core to how we run our pipeline reviews."
T00117,F003,Zendesk,2026-03-28,SMB,"Honestly, thanks to Email Sync, our sales reps spend far less time on manual work."
T00741,F017,Zendesk,2026-07-07,Mid-Market,Too many steps and clicks in Salesforce Bi-directional Sync just to upload a file. Thanks!
T01082,F029,Sales Call Notes,2025-11-13,Mid-Market,"Quick feedback: Role-based Permissions takes forever to load, sometimes over 30 seconds. Please advise."
T00831,F021,Jira Service Desk,2026-01-27,Enterprise,"quick feedback: really happy with on-prem ldap connector, it works well for customer success. this is blocking our team."
T00120,F003,Jira Service Desk,2026-02-14,Enterprise,"Email Sync is great, adding API access would make it perfect. Please advise."
T00657,F016,NPS Survey,2025-10-27,SMB,"Ticket from admin: we rely on Chatbot Builder v1 every day, can't imagine working without it. Rated 3/5."
T01527,F039,Sales Call Notes,2026-05-22,SMB,"Ticket from admin: hard to read Mobile App on mobile, text is cut off. This is blocking our team."
T00636,F015,Zendesk,2026-07-07,Enterprise,"Hi team, Predictive Churn Alerts froze and we lost our work. Third time this week."
T00370,F007,Zendesk,2026-01-14,Mid-Market,Custom Report Builder is core to how we run our pipeline reviews. This is blocking our team.
T00269,,Community Forum,2026-03-04,SMB,"Hi team, loading Lead Scoring is painfully slow for our admins. Please advise."
T00656,F016,Jira Service Desk,2026-06-04,Mid-Market,"Chatbot Builder v1 is sluggish during peak hours, pages take ages to render."
T00936,F024,Zendesk,2026-07-14,Mid-Market,"the inside sales team needed training just to understand Internal Wiki, the docs are outdated. Any update on this?"
T00823,F020,NPS Survey,2026-01-05,Enterprise,Please let admins disable Legacy SOAP API entirely.
T00867,F023,Community Forum,2026-01-23,SMB,"Hi team, export from Team Inbox timed out after 10 minutes. Rated 3/5."
T00047,F001,Zendesk,2026-05-19,Enterprise,"Hello, Contact Management is a huge time saver for us. This is blocking our team."
T01382,F038,NPS Survey,2026-05-16,SMB,ticket from admin: would love web forms to also support api access. any update on this?
T00992,F027,Community Forum,2026-08-28,Mid-Market,How do we turn off Gamification Leaderboards? Our users find it distracting.
T00877,F023,Jira Service Desk,2026-04-01,SMB,"Data from Team Inbox is not syncing reliably, we see stale records every morning."
T00774,F018,G2 Review,2026-06-20,SMB,"Hello, Slack Notifications is not responsive, the layout breaks on tablets."
T01607,F042,Sales Call Notes,2025-09-19,Mid-Market,"Honestly, it takes way too many clicks to do anything in Territory Management. Rated 3/5."
T00005,F001,Sales Call Notes,2025-10-30,SMB,"Hello, data from Contact Management is not syncing reliably, we see stale records every morning. Raised by our account manager."
T01004,,Sales Call Notes,2026-04-07,Mid-Market,"Gamification Leaderboards takes forever to load, sometimes over 30 seconds. Any update on this?"
T01393,F038,Zendesk,2025-10-14,Mid-Market,"FYI: Web Forms is sluggish during peak hours, pages take ages to render. Any update on this?"
T00264,F005,Community Forum,2025-11-14,SMB,"Thanks to Lead Scoring, our managers spend far less time on manual work."
T01441,F039,Community Forum,2026-05-29,SMB,Export from Mobile App timed out after 10 minutes. Please advise.
T01469,F039,Jira Service Desk,2025-11-23,Mid-Market,"Great job on Mobile App, it's the best part of the product."
T00444,F008,G2 Review,2026-01-14,Mid-Market,We use Executive Dashboards heavily; could you add Hindi language support?
T01003,F027,Sales Call Notes,2025-11-12,Mid-Market,How do we turn off Gamification Leaderboards? Our users find it distracting.
T01078,F029,NPS Survey,2026-08-06,Enterprise,"We rely on Role-based Permissions every day, can't imagine working without it."
T00838,,Jira Service Desk,2026-07-06,SMB,"Honestly, On-prem LDAP Connector seems irrelevant to how we work, nobody uses it."
T01586,F042,Zendesk,2026-03-19,Mid-Market,"Quick feedback: Territory Management seems irrelevant to how we work, nobody uses it. Raised by our account manager."
T00305,F006,Jira Service Desk,2025-09-09,SMB,"Thanks to Activity Timeline, the inside sales team spend far less time on manual work. Any update on this?"
T01340,F037,NPS Survey,2026-01-26,Mid-Market,FYI: SMS Campaigns is just clutter in the navigation for our admins.
T00314,F006,Zendesk,2026-02-21,Mid-Market,The help articles for Activity Timeline don't match the current UI. This is blocking our team.
T00150,F003,G2 Review,2026-01-10,Mid-Market,email sync froze and we lost our work. third time this week. thanks!
T01149,F029,Sales Call Notes,2026-01-02,Enterprise,"the role-based permissions page keeps spinning, load times have gotten much worse since the last release."
T01214,F032,Jira Service Desk,2025-10-17,SMB,Quick feedback: Data Residency Controls is a huge time saver for us. Thanks!
T00575,F011,Zendesk,2026-05-05,Mid-Market,"Hello, too much noise, Pivot Table Explorer adds clutter to an already busy screen. Please advise."
T00051,F001,NPS Survey,2026-04-30,Enterprise,contact management failed to sync overnight and the data is out of date.
T01254,F034,Zendesk,2025-10-19,Mid-Market,Getting an error 500 in Email Campaigns again when we switch accounts. Raised by our account manager.
T00727,F017,Sales Call Notes,2026-06-06,Enterprise,"Simple tasks in Salesforce Bi-directional Sync need six or seven steps, very clunky workflow."
T00834,F021,Sales Call Notes,2026-05-11,Mid-Market,"Hard to read On-prem LDAP Connector on mobile, text is cut off."
T01116,F029,Sales Call Notes,2026-05-22,SMB,"Ticket from admin: unexpected error when saving in Role-based Permissions, we have to refresh constantly. Rated 3/5."
T01167,F029,NPS Survey,2026-08-02,SMB,"Hello, we use Role-based Permissions heavily; could you add multi-currency?"
T00471,F008,Jira Service Desk,2026-03-28,Mid-Market,"Ticket from admin: great job on Executive Dashboards, it's the best part of the product. Raised by our account manager."
T00972,F026,Zendesk,2026-04-19,Mid-Market,"Honestly, Shared Notes saves the finance team hours every week. This is blocking our team."
T00654,F016,G2 Review,2026-03-07,Mid-Market,"The Chatbot Builder v1 page keeps spinning, load times have gotten much worse since the last release. Thanks!"
T00400,F007,Zendesk,2026-01-25,Mid-Market,"hello, custom report builder crashes whenever we add a filter. please advise."
T00512,F010,G2 Review,2026-08-15,SMB,"honestly, legacy pdf report exporter failed to sync overnight and the data is out of date."
T00321,F006,Community Forum,2025-12-05,SMB,"Honestly, we rely on Activity Timeline every day, can't imagine working without it. Raised by our account manager."
T00020,F001,Zendesk,2026-08-19,Mid-Market,"Love Contact Management, it cut our reporting time in half. Raised by our account manager."
T00685,F017,G2 Review,2025-09-19,Enterprise,"Salesforce Bi-directional Sync is confusing, the navigation makes no sense to our admins. Raised by our account manager."
T00036,F001,Zendesk,2025-10-28,Enterprise,Contact Management stopped syncing for our admins after the update. Rated 3/5.
T00903,F023,Sales Call Notes,2026-04-13,Enterprise,"Honetsly, requests to Team Inbox time out when we have more than 50k records."
T00828,F021,Community Forum,2026-02-18,SMB,"FYI: we have never used On-prem LDAP Connector in two years, not sure what it is for. Thanks!"
T01443,F039,G2 Review,2026-01-23,SMB,Mobile App hits a timeout whenever customer success load a big account. Raised by our account manager.
T00408,F007,Jira Service Desk,2025-12-02,SMB,"great job on custom report builder, it's the best part of the product. any update on this?"
T00921,,Zendesk,2026-05-05,SMB,Why is Internal Wiki so slow? It lags every single time we open it. Please advise.
T00538,F010,Zendesk,2026-05-07,SMB,FYI: I don't know anyone who actually uses Legacy PDF Report Exporter. Thanks!
T00759,,NPS Survey,2026-06-22,Mid-Market,"Hi team, really happy with Slack Notifications, it works well for our managers."
T01063,F029,Zendesk,2025-10-26,SMB,"Hello, hard to read Role-based Permissions on mobile, text is cut off. Rated 3/5."
T01200,F031,Community Forum,2025-10-11,SMB,"hello, would love white-label branding to also support role-level visibility."
T00246,,G2 Review,2026-05-19,Mid-Market,"Hi team, great job on Calendar Integration, it's the best part of the product."
T01128,F029,G2 Review,2025-12-05,Enterprise,"Honestly, great job on Role-based Permissions, it's the best part of the product. Rated 3/5."
T00785,F018,Jira Service Desk,2025-12-15,SMB,"the marketing team needed training just to understand Slack Notifications, the docs are outdated. Thanks!"
T00490,,Jira Service Desk,2026-08-29,Mid-Market,"Overall a solid product, it saves us a lot of time."
T00155,F003,Community Forum,2026-04-18,Mid-Market,"Hello, Email Sync is confusing, the navigation makes no sense to the marketing team. Rated 3/5."
T00962,F025,NPS Survey,2026-07-17,SMB,Is there a way to switch off Video Meeting Recorder for RevOps? It's unnecessary.
T00854,F022,Jira Service Desk,2025-09-07,Mid-Market,"Honestly, would love Webhooks to also support custom fields."
T00626,F013,G2 Review,2026-07-20,SMB,the help articles for ai email assistant don't match the current ui. this is blocking our team.
T00686,F017,G2 Review,2025-12-20,SMB,"Quick feedback: sync errors in Salesforce Bi-directional Sync, records are missing or duplicated. Raised by our account manager."
T00570,F011,Sales Call Notes,2026-06-29,SMB,Ticket from admin: export from Pivot Table Explorer timed out after 10 minutes.
T01528,F039,Sales Call Notes,2026-03-13,Mid-Market,Ticket from admin: it takes way too many clicks to do anything in Mobile App. Thanks!
T00018,F001,G2 Review,2026-05-15,SMB,"Ticket from admin: the Contact Management workflow is clunky, why can't we do this in one step? Please advise."
T00128,F003,Sales Call Notes,2026-08-10,SMB,Quick feedback: too many steps and clicks in Email Sync just to upload a file. Thanks!
T01580,F041,Zendesk,2026-07-06,Mid-Market,"We have never used Business Card Scanner in two years, not sure what it is for. Raised by our account manager."
T00928,F024,Jira Service Desk,2026-04-17,Enterprise,FYI: requests to Internal Wiki time out when we have more than a million records. Any update on this?
T00981,F026,Zendesk,2025-11-11,Mid-Market,"Honestly, why do we have Shared Notes when our BI tool does the same thing better? This is blocking our team."
T01576,,Community Forum,2026-04-29,Mid-Market,"Hello, Business Card Scanner overlaps with our existing tools, it's redundant for us."
T00191,F003,NPS Survey,2026-02-01,Mid-Market,FYI: Email Sync is a huge time saver for us. Thanks!
T01140,F029,NPS Survey,2026-06-11,SMB,Ticket from admin: would love Role-based Permissions to also support multi-currency. This is blocking our team.
T00993,F027,Zendesk,2026-02-22,Mid-Market,"hard to read gamification leaderboards on mobile, text is cut off."
T01569,F041,NPS Survey,2026-01-30,Mid-Market,Business Card Scanner is fantastic and really valuable for our business. Thanks!
T01339,F036,G2 Review,2026-07-26,Mid-Market,Honestly nobody on our team uses Social Media Scheduler. Rated 3/5.
T00607,F013,Zendesk,2025-11-12,Mid-Market,"Hello, export from AI Email Assistant timed out after 10 minutes. Thanks!"
T00181,,Community Forum,2025-10-03,Mid-Market,"Hi team, Email Sync is critical for the marketing team, it's the main reason we renewed."
T00302,F006,NPS Survey,2025-10-31,SMB,"Honestly, Activity Timeline is great, adding API access would make it perfect."
T00497,,Zendesk,2025-09-22,Mid-Market,"honestly, really happy with legacy pdf report exporter, it works well for the finance team."
T01419,F039,Zendesk,2026-06-28,Enterprise,Requests to Mobile App time out when we have more than 50k records. Rated 3/5.
T01344,F037,Sales Call Notes,2026-02-20,Mid-Market,"Hi team, the SMS Campaigns layout is broken on smaller screens, buttnos overlap. This is blocking our team."
T01324,F036,Sales Call Notes,2026-04-23,Mid-Market,Social Media Scheduler crashes whenever we bulk edit records.
T00518,F010,Zendesk,2025-12-10,Mid-Market,"Honestly, we have never used Legacy PDF Report Exporter in two years, not sure what it is for. Please advise."
T01070,F029,Community Forum,2026-08-04,SMB,Quick feedback: Role-based Permissions failed to sync overnight and the data is out of date. Thanks!
T00477,F009,Zendesk,2026-02-25,Enterprise,"Honestly, would love Revenue Forecasting to also support multi-currency."
T00158,F003,Zendesk,2026-04-16,Enterprise,"The Email Sync page keeps spinning, load times have gotten much worse since the last release. Any update on this?"
T01244,F034,Community Forum,2026-06-05,Mid-Market,"honestly, great job on email campaigns, it's the best part of the product. raised by our account manager."
T01196,,Community Forum,2026-08-18,SMB,"Hello, export from White-label Branding timed out after 10 minutes. Any update on this?"
T00017,,Community Forum,2026-04-18,Mid-Market,Contact Management is fantastic and really valuable for our business. Rated 3/5.
T01073,F029,Zendesk,2025-12-20,SMB,Quick feedback: we use Role-based Permissions heavily; could you add custom fields?
T01583,F041,G2 Review,2026-07-19,SMB,"Hello, would love Business Card Scanner to also support multi-currency. Please advise."
T00547,F010,Community Forum,2025-09-30,Mid-Market,"Honestly, the menu is bloated with things like Legacy PDF Report Exporter. Any update on this?"
T00659,F016,G2 Review,2026-06-20,Mid-Market,Please let admins disable Chatbot Builder v1 entirely.
T01312,F036,NPS Survey,2026-05-01,Enterprise,I don't know anyone who actually uses Social Media Scheduler.
T01020,F027,Jira Service Desk,2026-04-26,SMB,"FYI: Gamification Leaderboards is confusing, the navigation makes no sense to the finance team."
T01345,F037,Zendesk,2026-06-14,Mid-Market,SMS Campaigns saves RevOps hours every week. This is blocking our team.
T00960,F025,Sales Call Notes,2026-08-05,SMB,"Hello, Video Meeting Recorder is a huge time saver for us."
T01558,F040,Sales Call Notes,2025-11-21,Mid-Market,"Honestly, onboarding to Offline Mode is painful, the tutorial skips important steps. Thanks!"
T00284,F005,Community Forum,2025-12-07,SMB,Lead Scoring is core to how we run our pipeline reviews. Any update on this?
T00798,F019,Zendesk,2026-04-30,Mid-Market,FYI: it takes way too many clicks to do anything in Zapier Connector.
T00226,F004,Sales Call Notes,2026-07-09,Mid-Market,"Hard to read Calendar Integration on mobile, text is cut off. Raised by our account manager."
T00027,F001,Sales Call Notes,2025-11-02,Mid-Market,Ticket from admin: Contact Management is a huge time saver for us. This is blocking our team.
T00438,F007,G2 Review,2026-06-05,SMB,Custom Report Builder froze and we lost our work. Third time this week. Rated 3/5.
T01563,F040,NPS Survey,2026-07-22,Mid-Market,Quick feedback: how do we turn off Offline Mode? Our users find it distracting.
T00230,F004,Jira Service Desk,2026-06-02,SMB,Ticket from admin: Calendar Integration is a huge time saver for us. Raised by our account manager.
T00038,,G2 Review,2026-03-06,Mid-Market,Ticket from admin: can you remove Contact Management from our plan? We're paying for features we don't use.
T00750,F018,Zendesk,2026-07-16,Mid-Market,"Ticket from admin: really happy with Slack Notifications, it works well for RevOps. Rated 3/5."
T01046,,NPS Survey,2025-10-14,Enterprise,"Overall a solid product, it saves us a lot of time."
T00470,F008,Jira Service Desk,2025-10-13,Mid-Market,"Honestly, Executive Dashboards overlaps with our existing tools, it's redundant for us. This is blocking our team."
T01369,F038,G2 Review,2026-01-27,SMB,"Hello, Web Forms saves our admins hours every week."
T01579,F041,Zendesk,2026-05-03,Mid-Market,"FYI: unexpected error when saving in Business Card Scanner, we have to refresh constantly. Raised by our account manager."
T00688,F017,G2 Review,2026-08-31,Enterprise,"Hi team, unexpected error when saving in Salesforce Bi-directional Sync, we have to refresh constantly. Rated 3/5."
T01478,F039,Zendesk,2025-10-06,SMB,Mobile App froze and we lost our work. Third time this week. Any update on this?
T00640,,Zendesk,2026-05-11,SMB,"Ticket from admin: really happy with Predictive Churn Alerts, it works well for the inside sales team."
T01386,F038,Community Forum,2025-11-07,Mid-Market,"FYI: we rely on Web Forms every day, can't imagine working without it."
T01219,F032,G2 Review,2026-06-16,SMB,"Hi team, Data Residency Controls clutters the sidebar, can we hide it? Thanks!"
T01159,F029,G2 Review,2026-08-05,Mid-Market,"Hi team, loading Role-based Permissions is painfully slow for our sales reps."
T01578,F041,Sales Call Notes,2025-10-27,SMB,Business Card Scanner is a huge time saver for us. This is blocking our team.
T01301,F036,Sales Call Notes,2026-05-16,SMB,"Honestly, Social Media Scheduler seems irrelevant to how we work, nobody uses it. Please advise."
T01463,F039,Community Forum,2026-06-08,Enterprise,"Hello, Mobile App is confusing, the navigation makes no sense to the finance team. This is blocking our team."
T00801,F019,G2 Review,2025-10-01,Mid-Market,"No documentation for Zapier Connector, onboarding new reps is hard."
T00161,F003,G2 Review,2026-01-04,Enterprise,Email Sync crashes whenever we add a filter. Rated 3/5.
T00957,,Zendesk,2025-11-16,Enterprise,"Ticket from admin: please extend Video Meeting Recorder with custom fields, we'd use it even more."
T01187,F030,Zendesk,2026-04-04,Mid-Market,"Hello, hard to find anything in Audit Logs, the menus are confusing. Please advise."
T00822,F020,Community Forum,2026-01-19,Mid-Market,How do we turn off Legacy SOAP API? Our users find it distracting. This is blocking our team.
T01361,F038,Zendesk,2026-01-02,Enterprise,"Hi team, simple tasks in Web Forms need six or seven steps, very clunky workflow."
T00878,F023,Jira Service Desk,2026-08-31,Enterprise,Quick feedback: why is Team Inbox so slow? It lags every single time we open it.
T00914,F024,G2 Review,2026-05-26,Enterprise,"Hello, we have never used Internal Wiki in two years, not sure what it is for."
T00153,F003,Community Forum,2025-10-07,Mid-Market,FYI: Email Sync is essential to our daily workflow.
T01473,F039,Jira Service Desk,2026-07-24,SMB,Ticket from admin: would love Mobile App to also support Hindi language support.
T00510,F010,Sales Call Notes,2026-02-28,Mid-Market,Quick feedback: Legacy PDF Report Exporter is just clutter in the navigation for the finance team.
T01136,F029,NPS Survey,2025-10-05,SMB,"Ticket from admin: thanks to Role-based Permissions, our admins spend far less time on manual work. Thanks!"
T01251,,NPS Survey,2026-08-29,SMB,"Love Email Campaigns, it cut our reporting time in half."
T01346,F037,NPS Survey,2025-10-17,Enterprise,SMS Campaigns is fantastic and really valuable for our business.
T00104,,G2 Review,2025-12-26,SMB,Would love Email Sync to also support multi-currency. Please advise.
T00587,F011,Community Forum,2026-03-16,SMB,Too many steps and clicks in Pivot Table Explorer just to switch accounts. Rated 3/5.
T01422,F039,Jira Service Desk,2026-08-13,SMB,Mobile App times out on large datasets. Thanks!
T01144,F029,Zendesk,2025-10-25,SMB,"Ticket from admin: Role-based Permissions is confusing, the navigation makes no sense to our admins. Thanks!"
T00054,F002,Zendesk,2026-03-17,SMB,"Please extend Deal Pipeline with API access, we'd use it even more. This is blocking our team."
T00152,F003,Zendesk,2026-08-24,Mid-Market,Email Sync hits a timeout whenever customer success load a big account.
T00404,F007,G2 Review,2026-03-06,Mid-Market,Too many steps and clicks in Custom Report Builder just to open a large account.
T01559,,Sales Call Notes,2026-07-18,SMB,Offline Mode hits a timeout whenever RevOps load a big account. This is blocking our team.
T00208,F003,G2 Review,2026-08-30,Mid-Market,Email Sync is fantastic and really valuable for our business.
T01518,F039,Community Forum,2026-05-12,Mid-Market,Quick feedback: it takes way too many clicks to do anything in Mobile App. Rated 3/5.
T01123,F029,Zendesk,2026-03-25,Mid-Market,"hi team, is there a way to switch off role-based permissions for the finance team? it's unnecessary. any update on this?"
T01410,F039,Jira Service Desk,2025-11-08,SMB,"Ticket from admin: thanks to Mobile App, the marketing team spend far less time on manual work. Thanks!"
T00009,F001,Sales Call Notes,2025-11-26,SMB,"Hi team, would love Contact Management to also support multi-currency. Raised by our account manager."
T01015,F027,Sales Call Notes,2025-10-11,SMB,"Hi team, is there a way to switch off Gamification Leaderboards for our sales reps? It's unnecessary. Raised by our account manager."
T01442,F039,NPS Survey,2025-11-20,Mid-Market,"Quick feedback: onboarding to Mobile App is painful, the tutorial skips important steps. Raised by our account manager."
T01061,F029,Jira Service Desk,2026-03-04,Enterprise,"fyi: the role-based permissions layout is broken on smaller screens, buttons overlap. this is blocking our taem."
T00453,F008,Community Forum,2026-08-24,Mid-Market,Ticket from admin: Executive Dashboards is essential to our daily workflow. This is blocking our team.
T00254,F004,Zendesk,2026-06-14,Mid-Market,"Hi team, Calendar Integration is critical for the inside sales team, it's the main reason we renewed. Please advise."
T01328,F036,Zendesk,2026-05-26,SMB,Please let admins disable Social Media Scheduler entirely. Please advise.
T00897,,Community Forum,2025-12-18,Mid-Market,Quick feedback: loading Team Inbox is painfully slow for our managers. Please advise.
T01400,F038,NPS Survey,2026-04-11,Mid-Market,Ticket from admin: Web Forms is a huge time saver for us.
T00881,F023,Jira Service Desk,2025-12-31,Mid-Market,Team Inbox is essential to our daily workflow.
T01513,F039,NPS Survey,2026-07-27,Mid-Market,Ticket from admin: why is Mobile App so slow? It lags every single time we open it. Please advise.
T00624,F013,Zendesk,2026-06-13,Enterprise,"Quick feedback: really happy with AI Email Assistant, it works well for the marketing team. This is blocking our team."
T00346,F007,G2 Review,2026-07-08,Enterprise,"Quick feedback: Custom Report Builder is confusing, the navigation makes no sense to our managers."
T01378,F038,Sales Call Notes,2026-05-07,SMB,We use Web Forms heavily; could you add custom fields? Raised by our account manager.
T00263,F005,Zendesk,2025-10-11,Mid-Market,We use Lead Scoring heavily; could you add custom fields?
T01322,F036,Community Forum,2025-11-02,Mid-Market,"Honestly, Social Media Scheduler failed to sync overnight and the data is out of date. Raised by our account manager."
T00151,,NPS Survey,2025-09-23,Mid-Market,"FYI: really happy with Email Sync, it works well for our managers. Any update on this?"
T00473,F009,Sales Call Notes,2025-11-04,Enterprise,"Hard to read Revenue Forecasting on mobile, text is cut off. Rated 3/5."
T00641,F015,G2 Review,2026-01-24,Mid-Market,"Honestly, the menu is bloated with things like Predictive Churn Alerts. Please advise."
T01592,F042,Sales Call Notes,2026-08-15,Mid-Market,"Really happy with Territory Management, it works well for our admins."
T01510,F039,Community Forum,2025-11-03,SMB,"Mobile App takes forever to load, sometimes over 30 seconds. Please advise."
T00551,F010,Community Forum,2026-03-28,SMB,"Legacy PDF Report Exporter is confusing, the navigation makes no sense to customer success."
T00929,F024,Sales Call Notes,2025-12-14,Mid-Market,"No documentation for Internal Wiki, onboarding new reps is hard. Raised by our account manager."
T00489,F009,Zendesk,2026-05-03,SMB,"Revenue Forecasting just works, very reliable."
T01456,F039,Sales Call Notes,2026-01-27,Mid-Market,"Honestly, it's unintuitive how Mobile App is organised, we keep getting lost. Any update on this?"
T01172,F030,Sales Call Notes,2026-02-08,Mid-Market,Quick feedback: Audit Logs duplicates what Confluence already does. Thanks!
T00147,,Zendesk,2026-02-23,Mid-Market,Export from Email Sync timed out after 10 minutes. Rated 3/5.
T00403,F007,G2 Review,2026-07-22,Enterprise,"Hello, the Custom Report Builder layout is broken on smaller screens, buttons overlap. This is blocking our team."
T00955,F025,Zendesk,2026-04-08,Mid-Market,Video Meeting Recorder is core to how we run our pipeline reviews. Please advise.
T01505,F039,Sales Call Notes,2026-03-26,SMB,"Onboarding to Mobile App is painful, the tutorial skips important steps. Rated 3/5."
T00660,,Zendesk,2025-09-16,SMB,FYI: Chatbot Builder v1 is essential to our daily workflow. Raised by our account manager.
T00464,F008,Zendesk,2026-06-13,Enterprise,"Ticket from admin: we rely on Executive Dashboards every day, can't imagine working without it."
T01350,F037,Sales Call Notes,2026-01-09,Mid-Market,"fyi: sms campaigns just works, very reliable. please advise."
T00187,,Jira Service Desk,2026-05-05,SMB,"Hello, no documentation for Email Sync, onboarding new reps is hard."
T01148,F029,Jira Service Desk,2025-11-22,SMB,"hi team, role-based permissions is confusing, the navigation makes no sense to customer success. please advise."
T01225,F033,Jira Service Desk,2026-05-02,SMB,"Quick feedback: Sandbox Environments is confusing, the navigation makes no sense to the finance team."
T00609,F013,G2 Review,2026-04-17,SMB,"Hello, we have never used AI Email Assistant in two years, not sure what it is for. This is blocking our team."
T00144,F003,Sales Call Notes,2025-10-14,Mid-Market,Email Sync saves the inside sales team hours every week. Any update on this?
T00752,F018,Community Forum,2026-04-30,SMB,"We rely on Slack Notifications every day, can't imagine working without it. Thanks!"
T00982,F026,NPS Survey,2026-01-15,SMB,"Honestly, Shared Notes is just clutter in the navigation for our managers. Rated 3/5."
T00198,F003,Zendesk,2026-02-20,SMB,Email Sync is a huge time saver for us. Any update on this?
T00884,F023,Jira Service Desk,2026-05-26,Mid-Market,"Team Inbox is sluggish during peak hours, pages take ages to render."
T00280,F005,Community Forum,2026-05-21,SMB,"Hi team, we rely on Lead Scoring every day, can't imagine working without it."
T00294,F006,Community Forum,2026-06-17,Mid-Market,"hi team, we rely on activity timeline every day, can't imagine working without it."
T01464,F039,Zendesk,2026-05-01,Mid-Market,"Hi team, would love Mobile App to also support custom fields. Thanks!"
T00401,F007,Community Forum,2026-07-10,Enterprise,"Custom Report Builder seems irrelevant to how we work, nobody uses it."
T00123,F003,NPS Survey,2026-02-01,Enterprise,Email Sync is core to how we run our pipeline reviews.
T01208,F032,Jira Service Desk,2026-01-23,SMB,FYI: lodaing Data Residency Controls is painfully slow for our sales reps.
T00203,F003,Sales Call Notes,2026-07-08,SMB,FYI: why is Email Sync so slow? It lags every single time we open it.
T00836,F021,Community Forum,2025-09-17,Mid-Market,"Ticket from admin: the On-prem LDAP Connector page keeps spinning, load times have gotten much worse since the last release. This is blocking our team."
T00247,F004,Zendesk,2026-08-05,Mid-Market,"Honestly, the Calendar Integration workflow is clunky, why can't we do this in one step? Please advise."
T01523,F039,Sales Call Notes,2025-10-11,Enterprise,"Hi team, I don't know anyone who actually uses Mobile App."
T01508,F039,Jira Service Desk,2026-05-15,SMB,"Honestly, Mobile App stopped syncing for the finance team after the update."
T01154,F029,Jira Service Desk,2025-11-15,Mid-Market,"Honestly, Role-based Permissions hits a timeout whenever RevOps load a big account. This is blocking our team."
T00385,F007,Community Forum,2026-03-18,SMB,"Custom Report Builder is great, adding bulk actions would make it perfect. Plesae advise."
T01415,F039,Zendesk,2026-04-18,Enterprise,Mobile App saves the marketing team hours every week. Please advise.
T00855,F022,Zendesk,2026-04-14,SMB,"the marketing team needed training just to understand webhooks, the docs are outdated. raised by our account manager."
T00220,F004,NPS Survey,2026-02-25,Mid-Market,Ticket from admin: would love Calendar Integration to also support API access. Please advise.
T00642,F015,NPS Survey,2026-07-05,SMB,"Quick feedback: we rely on Predictive Churn Alerts every day, can't imagine working without it."
T00002,F001,Community Forum,2026-06-06,Enterprise,"Hi team, thanks to Contact Management, our sales reps spend far less time on manual work. Raised by our account manager."
T00113,F003,Community Forum,2026-06-07,Mid-Market,Getting an error 500 in Email Sync again when we export a report. Raised by our account manager.
T00699,F017,Zendesk,2026-02-25,SMB,"The Salesforce Bi-directional Sync page keeps spinning, load times have gotten much worse since the last release. Any update on this?"
T01533,F040,Zendesk,2025-09-20,Enterprise,"quick feedback: too much noise, offline mode adds clutter to an already busy screen."
T00952,F025,G2 Review,2025-09-24,SMB,Video Meeting Recorder times out on large datasets.
T01426,F039,Zendesk,2026-02-15,Mid-Market,Quick feedback: Mobile App is fantasitc and really valuable for our business. Any update on this?
T01292,F035,Zendesk,2025-12-11,Mid-Market,"Sync errors in Landing Page Builder, records are missing or duplicated. Any update on this?"
T01453,,NPS Survey,2026-08-02,Enterprise,The whole app feels slow this week.
T00442,F008,Jira Service Desk,2026-01-15,Enterprise,"Love Executive Dashboards, it cut our reporting time in half. Any update on this?"
T01137,,Sales Call Notes,2026-08-14,Mid-Market,Role-based Permissions saves the marketing team hours every week.
T01257,F034,Zendesk,2025-09-15,Enterprise,Export from Email Campaigns timed out after 10 minuets. Rated 3/5.
T01398,F038,Zendesk,2026-08-24,SMB,"Ticket from admin: Web Forms just works, very reliable. Rated 3/5."
T00664,,Zendesk,2025-12-06,Enterprise,Quick feedback: I don't know anyone who actually uses Chatbot Builder v1. This is blocking our team.
T01472,,Jira Service Desk,2025-12-11,Mid-Market,Mobile App times out on large datasets. Raised by our account manager.
T01258,F034,Zendesk,2026-03-21,Mid-Market,"Hello, Email Campaigns is sluggish during peak hours, pages take ages to render. Any update on this?"
T01427,F039,Zendesk,2026-01-27,Mid-Market,"Ticket from admin: really happy with Mobile App, it works well for the inside sales team. Please advise."
T00318,F006,NPS Survey,2026-07-19,Mid-Market,"Hello, really happy with Activity Timeline, it works well for RevOps. Any update on this?"
T00649,F016,Zendesk,2026-04-01,Mid-Market,Quick feedback: how do we turn off Chatbot Builder v1? Our users find it distracting. Rated 3/5.
T00710,,G2 Review,2025-12-06,Mid-Market,fyi: salesforce bi-directional sync is essential to our daily workflow. please advise.
T01383,,Zendesk,2025-10-30,Mid-Market,web forms is fantastic and really valuable for our business. this is blocking our team.
T01283,F035,Sales Call Notes,2026-08-28,Enterprise,Landing Page Builder failed to sync overnight and the data is out of date. Any update on this?
T00973,F026,Community Forum,2026-04-25,SMB,"FYI: please extend Shared Notes with custom fields, we'd use it even more. Thanks!"
T00628,,G2 Review,2026-07-10,SMB,FYI: is there a way to switch off Conversation Intelligence for customer success? It's unnecessary. This is blocking our team.
T00633,F015,NPS Survey,2026-03-17,Mid-Market,"Predictive Churn Alerts is not responsive, the layout breaks on tablets."
T01307,,Zendesk,2026-06-03,SMB,FYI: Social Media Scheduler is core to how we run our pipeline reviews. Please advise.
T01401,F038,G2 Review,2026-01-16,SMB,FYI: loading Web Forms is painfully slow for RevOps. Thanks!
T01409,F039,Jira Service Desk,2026-08-27,SMB,"FYI: Mobile App takes forever to load, sometimes over 30 seconds. Please advise."
T01249,F034,Jira Service Desk,2026-07-21,SMB,"Quick feedback: hard to find anything in Email Campaigns, the menus are confusing. Any update on this?"
T01567,F041,Community Forum,2026-03-09,Enterprise,"Honestly, we use HubSpot instead, so Business Card Scanner is redundant."
T01255,F034,G2 Review,2025-11-17,Enterprise,"Hi team, Email Campaigns is core to how we run our pipeline reviews."
T01372,F038,Zendesk,2026-01-06,SMB,"Hello, Web Forms saves RevOps hours every week."
T01355,F037,Sales Call Notes,2026-05-04,Mid-Market,Quick feedback: too many steps and clicks in SMS Campaigns just to export a report.
T01543,F040,Sales Call Notes,2026-06-19,Mid-Market,"Hi team, Offline Mode hits a timeout whenever the finance team load a big account."
T01596,,G2 Review,2026-01-22,Mid-Market,We keep getting random errors across the platform.
T00796,F019,Zendesk,2026-02-06,SMB,"Please extend Zapier Connector with bulk actions, we'd use it even more. This is blocking our team."
T00646,F015,NPS Survey,2026-05-26,SMB,"we have never used predictive churn alerts in two years, not sure what it is for. please advise."
T01013,,Community Forum,2026-01-19,Enterprise,"Hello, hard to read Gamification Leaderboards on mobile, text is cut off."
T00557,F010,NPS Survey,2026-05-20,Mid-Market,"Honestly, the Legacy PDF Report Exporter workflow is clunky, why can't we do this in one step?"
T00682,F017,Jira Service Desk,2025-10-21,SMB,"The Salesforce Bi-directional Sync workflow is clunky, why can't we do this in one step?"
T00578,F011,Zendesk,2026-08-06,Mid-Market,"Hi team, data from Pivot Table Explorer is not syncing reliably, we see stale records every morning. This is blocking our team."
T01110,,Jira Service Desk,2026-05-30,Mid-Market,"Honestly, why is Role-based Permissions so slow? It lags every single time we open it."
T01267,F034,Zendesk,2026-04-27,Mid-Market,"Hi team, thanks to Email Campaigns, our admins spend far less time on manual work. Thanks!"
T01184,F030,Jira Service Desk,2025-11-27,Mid-Market,Audit Logs saves the inside sales team hours every week. Any update on this?
T00525,,NPS Survey,2025-12-26,Mid-Market,"Ticket from admin: we use HubSpot instead, so Legacy PDF Report Exporter is redundant. Any update on this?"
T01060,,Sales Call Notes,2026-02-18,Mid-Market,"Honestly, too many steps and clicks in Role-based Permissions just to save changes. Any update on this?"
T00541,F010,Zendesk,2026-02-09,Mid-Market,"Legacy PDF Report Exporter clutters the sidebar, can we hide it?"
T01195,F031,Zendesk,2025-10-07,Mid-Market,"FYI: the White-label Branding layout is broken on smaller screens, buttons overlap. Rated 3/5."
T00749,F018,NPS Survey,2026-03-18,Enterprise,slack notifications is fantastic and really valuable for our business. raised by our account manager.
T01515,F039,Community Forum,2026-06-08,Mid-Market,"Honestly, Mobile App saves our admins hours every week. Raised by our account manager."
T01431,F039,NPS Survey,2025-11-21,Mid-Market,Mobile App is a huge time saver for us.
T00485,F009,Community Forum,2025-11-30,Mid-Market,Ticket from admin: Revenue Forecasting is essential to our daily workflow.
T00096,F002,Zendesk,2026-05-24,Enterprise,"Hello, Deal Pipeline saves our admins hours every week. Rated 3/5."
T01021,F027,Jira Service Desk,2025-11-16,SMB,Quick feedback: please let admins disable Gamification Leaderboards entirely. Rated 3/5.
T00564,F011,NPS Survey,2026-02-06,SMB,Export from Pivot Table Explorer timed out after 10 minutes.
T01265,F034,Community Forum,2026-02-27,Enterprise,"Honestly, it takes way too many clicks to do anything in Email Campaigns."
T00743,,Sales Call Notes,2025-09-16,SMB,"Honestly, Salesforce Bi-directional Sync is not responsive, the layout breaks on tablets."
T00864,F023,Zendesk,2026-07-21,Enterprise,"Honestly, the Team Inbox workflow is clunky, why can't we do this in one step? Please advise."
T00892,F023,Zendesk,2025-11-10,SMB,"Team Inbox just works, very reliable. Thanks!"
T01039,F028,Community Forum,2026-07-21,SMB,"Hi team, SSO / SAML saves our sales reps hours every week. Thanks!"
T00207,F003,Jira Service Desk,2025-09-22,Mid-Market,Email Sync is essential to our daily workflow. Raised by our account manager.
T00393,F007,Community Forum,2026-08-11,SMB,Getting an error 500 in Custom Report Builder again when we export a report.
T00795,F018,Zendesk,2026-03-24,SMB,"Hello, sync errors in Slack Notifications, records are missing or duplicated."
T00871,F023,NPS Survey,2026-06-27,Mid-Market,"Quick feedback: Team Inbox is great, adding Hindi language support would make it perfect."
T00398,F007,NPS Survey,2026-02-23,Mid-Market,"Hello, Custom Report Builder just works, very reliable. Thanks!"
T00767,F018,NPS Survey,2026-02-12,Enterprise,"Quick feedback: raelly happy with Slack Notifications, it works well for our sales reps. Any update on this?"
T01476,F039,Jira Service Desk,2026-07-21,Enterprise,"Hi team, we use Offline Mode instead, so Mobile App is redundant. Rated 3/5."
T01242,,NPS Survey,2025-11-02,SMB,Ticket from admin: loading Email Campaigns is painfully slow for the inside sales team. Please advise.
T01029,F027,Zendesk,2026-04-02,SMB,"Honestly, data from Gamification Leaderboards is not syncing reliably, we see stale records every morning."
T00643,F015,Zendesk,2026-07-14,SMB,"Ticket from admin: great job on Predictive Churn Alerts, it's the best part of the product."
T00613,F013,G2 Review,2026-04-23,SMB,"We use Google Sheets instead, so AI Email Assistant is redundant. This is blocking our team."
T00961,,Sales Call Notes,2026-01-19,SMB,Video Meeting Recorder is just clutter in the navigation for RevOps. Thanks!
T00726,F017,Community Forum,2026-02-06,Mid-Market,"Quick feedback: unexpected error when saving in Salesforce Bi-directional Sync, we have to refresh constantly. Raised by our account manager."
T00684,F017,Community Forum,2025-10-22,Enterprise,"Ticket from admin: requests to Salesforce Bi-directional Sync time out when we have more than 10,000 records. Raised by our account manager."
T00099,,Jira Service Desk,2025-11-09,Mid-Market,"Quick feedback: hard to read Deal Pipeline on mobile, text is cut off."
T00805,F019,Community Forum,2026-08-16,SMB,"Quick feedback: Zapier Connector just works, very reliable. Please advise."
T00407,F007,NPS Survey,2026-03-18,SMB,"custom report builder is critical for our managers, it's the main reaosn we renewed."
T00503,F010,Jira Service Desk,2025-12-12,Mid-Market,"Quick feedback: the marketing team needed training just to understand Legacy PDF Report Exporter, the docs are outdated."
T01072,,Jira Service Desk,2026-08-06,SMB,"Role-based Permissions is confusing, the navigation makes no sense to the finance team."
T01057,,Zendesk,2025-09-13,Enterprise,"SSO / SAML is great, adding multi-currency would make it perfect. Rated 3/5."
T00930,F024,NPS Survey,2026-05-24,SMB,"Ticket from admin: sync errors in Internal Wiki, records are missing or duplicated. Rated 3/5."
T00780,,Community Forum,2025-10-01,Mid-Market,"Hi team, Slack Notifications just works, very reliable."
T00201,F003,Community Forum,2026-01-21,Enterprise,"quick feedback: we rely on email sync every day, can't imagine working without it. any update on this?"
T00135,F003,NPS Survey,2026-07-28,Enterprise,Would love Email Sync to also support multi-currency. Thanks!
T01052,F028,Community Forum,2025-10-29,Enterprise,"SSO / SAML clutters the sidebar, can we hide it? Rated 3/5."
T00041,F001,Community Forum,2026-01-02,Enterprise,"Honestly, please extend Contact Management with role-level visibility, we'd use it even more. Please advise."
T01018,F027,Zendesk,2026-08-12,Enterprise,"Hello, I don't know anyone who actually uses Gamification Leaderboards."
T00231,F004,Jira Service Desk,2026-05-17,Mid-Market,"FYI: please extend Calendar Integration with Hindi language support, we'd use it even more. Any update on this?"
T00379,F007,Jira Service Desk,2025-11-26,SMB,"Please extend Custom Report Builder with Hindi language support, we'd use it even more."
T00289,F005,Community Forum,2025-09-06,SMB,FYI: Lead Scoring is a huge time saver for us.
T00419,F007,G2 Review,2025-12-01,SMB,FYI: Custom Report Builder is fantastic and really valuable for our business.
T00392,F007,Community Forum,2026-06-20,Mid-Market,Ticket from admin: please let admins disable Custom Report Builder entirely. This is blocking our team.
T00593,F011,Zendesk,2026-08-14,SMB,"FYI: our sales reps needed training just to understand Pivot Table Explorer, the docs are outdated. Please advise."
T01163,F029,Zendesk,2025-12-30,SMB,"Hello, Role-based Permissions is fantastic and really valuable for our business. Rated 3/5."
T01087,F029,Sales Call Notes,2026-01-31,SMB,"FYI: Role-based Permissions is sluggish during peak hours, pages take ages to render."
T00648,F016,Jira Service Desk,2026-06-26,Enterprise,Why is Chatbot Builder v1 so slow? It lags every single time we open it. Raised by our account manager.
T01153,F029,G2 Review,2025-11-05,Mid-Market,Role-based Permissions froze and we lost our work. Third time this week. Thanks!
T01368,F038,Zendesk,2026-02-25,SMB,"Hi team, Web Forms is critical for the marketing team, it's the main reason we renewed. Raised by our account manager."
T00521,F010,Zendesk,2026-03-26,SMB,"FYI: we have never used Legacy PDF Report Exporter in two years, not sure what it is for. Raised by our account manager."
T00065,F002,G2 Review,2025-12-07,Enterprise,"Deal Pipeline just works, very reliable. Thanks!"
T00015,F001,Zendesk,2026-03-24,SMB,"Ticket from admin: great job on Contact Management, it's the best part of the product. Raised by our account manager."
T01181,,G2 Review,2025-12-27,SMB,Ticket from admin: Audit Logs is essential to our daily workflow. Thanks!
T01065,F029,Zendesk,2025-12-05,Mid-Market,"Ticket from admin: unexpected error when saving in Role-based Permissions, we have to refresh constantly. Raised by our account manager."
T00493,F009,Sales Call Notes,2025-12-28,SMB,fyi: would love revenue forecasting to also support hindi language support.
T00380,F007,G2 Review,2025-10-09,Mid-Market,"FYI: simple tasks in Custom Report Builder need six or seven steps, very clunky workflow. Any update on this?"
T00188,F003,NPS Survey,2025-10-23,Mid-Market,"Hello, thanks to Email Sync, the inside sales team spend far less time on manual work. Raised by our account manager."
T00764,,Community Forum,2026-02-14,SMB,"Great job on Slack Notifications, it's the best part of the product. Please advise."
T00217,,Jira Service Desk,2026-04-16,Mid-Market,We use Calendar Integration heavily; could you add scheduled exports? This is blocking our team.
T00792,F018,G2 Review,2025-12-13,Enterprise,"Hello, Slack Notifications saves our admins hours every week. Any update on this?"
T01077,,Zendesk,2026-01-20,SMB,We keep getting random errors across the platform.
T00879,F023,G2 Review,2026-02-12,Mid-Market,Team Inbox is core to how we run our pipeline reviews. Rated 3/5.
T00338,F007,Sales Call Notes,2025-10-17,SMB,"Honestly, Custom Report Builder just works, very reliable. Raised by our account manager."
T00720,F017,Zendesk,2026-03-12,SMB,"Hard to read Salesforce Bi-directional Sync on mobile, text is cut off. Please advise."
T00296,F006,Sales Call Notes,2026-01-04,Mid-Market,"Activity Timeline is great, adding API access would make it perfect. Please advise."
T01017,F027,Zendesk,2026-03-08,SMB,Quick feedback: is there a way to switch off Gamification Leaderboards for customer success? It's unnecessary.
T01276,F035,NPS Survey,2026-02-17,Mid-Market,"Hello, why is Landing Page Builder so slow? It lags every single time we open it."
T01486,F039,Zendesk,2026-03-17,SMB,Quick feedback: Mobile App hits a timeout whenever the marketing team load a big account. Any update on this?
T00456,F008,G2 Review,2026-07-28,Mid-Market,Getting an error 500 in Executive Dashboards again when we add a filter. Any update on this?
T01604,F042,Zendesk,2025-10-22,Mid-Market,"Honestly, honestly nobody on our team uses Territory Management. Please advise."
T00816,F020,Jira Service Desk,2025-11-16,Mid-Market,"Hello, hard to find anything in Legacy SOAP API, the menus are confusing. Raised by our account manager."
T00270,F005,Zendesk,2026-02-28,Enterprise,"FYI: we use Confluence instead, so Lead Scoring is redundant. Any update on this?"
T00996,F027,Community Forum,2025-10-03,SMB,"Honestly, why do we have Gamification Leaderboards when Video Meeting Recorder does the same thing better? Thanks!"
T00202,F003,Community Forum,2026-06-18,SMB,Email Sync froze and we lost our work. Third time this week. Please advise.
T00162,F003,Zendesk,2026-04-27,Enterprise,"Hello, Email Sync is essential to our daily workflow. Rated 3/5."
T00730,F017,G2 Review,2025-11-21,Mid-Market,Salseforce Bi-directional Sync hits a timeout whenever our admins load a big account. Any update on this?
T00402,F007,Zendesk,2026-04-18,Mid-Market,"Ticket from admin: love Custom Report Builder, it cut our reporting time in half."
T00703,F017,Community Forum,2026-06-16,SMB,Salesforce Bi-directional Sync is fantastic and really valuable for our business. Any update on this?
T01501,,NPS Survey,2026-02-09,Enterprise,"Honestly, Mobile App times out on large datasets. Any update on this?"
T01130,F029,G2 Review,2026-01-14,SMB,Role-based Permissions saves our managers hours every week. Any update on this?
T00566,F011,Zendesk,2026-02-11,Mid-Market,"The Pivot Table Explorer workflow is clunky, why can't we do this in one step? Rated 3/5."
T01414,F039,Sales Call Notes,2026-01-03,Mid-Market,"mobile app just works, very reliable. thanks!"
T01022,F027,NPS Survey,2025-10-06,SMB,"Hello, Gamification Leaderboards failed to sync overnight and the data is out of date."
T01026,F027,G2 Review,2025-11-02,Enterprise,Gamification Leaderboards duplicates what Video Meeting Recorder already does. Raised by our account manager.
T01412,F039,Jira Service Desk,2025-11-17,Enterprise,we use mobile app heavily; could you add bulk actions?
T01105,F029,Sales Call Notes,2026-03-26,SMB,Ticket from admin: getting an error 500 in Role-based Permissions again when we bulk edit records. Any update on this?
T00206,F003,Community Forum,2026-04-13,Mid-Market,Quick feedback: we use Email Sync heavily; could you add multi-currency? Raised by our account manager.
T00035,F001,Zendesk,2026-02-21,Mid-Market,"Hard to read Contact Management on mobile, text is cut off. This is blocking our tema."
T00776,F018,G2 Review,2026-06-30,Enterprise,"Thanks to Slack Notifications, our managers spend far less time on manual work. Please advise."
T00509,,NPS Survey,2026-08-24,Mid-Market,"Ticket from admin: Legacy PDF Report Exporter is confusing, the navigation makes no sense to customer success. This is blocking our team."
T01452,,Community Forum,2026-02-03,Mid-Market,"Ticket from admin: requests to Mobile App time out when we have more than 10,000 records. Rated 3/5."
T01479,F039,Zendesk,2025-11-10,Enterprise,Quick feedback: Mobile App saves our managers hours every week. Please advise.
T01582,,NPS Survey,2026-06-15,Mid-Market,"The Business Card Scanner workflow is clunky, why can't we do this in one step? Any update on this?"
T01391,F038,NPS Survey,2026-07-08,Enterprise,Quick feedback: Web Forms is a huge time saver for us. Any update on this?
T00092,F002,Sales Call Notes,2026-05-28,Enterprise,"Ticket from admin: Deal Pipeline is not responsive, the layout breaks on tablets. This is blocking our team."
T01364,F038,G2 Review,2026-08-20,Mid-Market,"Really happy with Web Forms, it works well for our admins."
T00898,F023,Community Forum,2025-12-18,SMB,Team Inbox froze and we lost our work. Third time this week. Raised by our account manager.
T00565,F011,Zendesk,2025-11-13,SMB,"Hello, it takes way too many clicks to do anything in Pivot Table Explorer. Any update on this?"
T01370,F038,Zendesk,2026-05-11,Mid-Market,"Ticket from admin: data from Web Forms is not syncing reliably, we see stale records every morning. Please advise."
T00777,F018,Zendesk,2025-10-16,Enterprise,"Hi team, Slack Notifications is critical for the finance team, it's the main reason we renewed."
T00242,F004,Zendesk,2026-07-07,Mid-Market,"FYI: Calendar Integraiton is sluggish during peak hours, pages take ages to render."
T00014,,Sales Call Notes,2026-08-13,Enterprise,The whole app feels slow this week.
T00316,F006,Jira Service Desk,2026-08-15,SMB,"Honestly, Activity Timeline is fantastic and really valuable for our business."
T00601,F012,Sales Call Notes,2026-07-15,Enterprise,"FYI: onboarding to Cohort Analysis is painful, the tutorial skips important steps. Any update on this?"
T00388,F007,NPS Survey,2025-10-22,Enterprise,"Requests to Custom Report Builder time out when we have more than 100,000 records. Raised by our account manager."
T01298,F035,Community Forum,2026-06-07,SMB,"Hi team, no documentation for Landing Page Builder, onboarding new reps is hard. Rated 3/5."
T00167,F003,Zendesk,2026-03-23,Mid-Market,FYI: Email Sync failed to sync overnight and the data is out of date. This is blocking our team.
T00841,F021,Zendesk,2025-09-13,SMB,FYI: On-prem LDAP Connector hits a timeout whenever the marketing team load a big account. Thanks!
T00021,F001,Jira Service Desk,2026-02-23,Mid-Market,The help articles for Contact Management don't match the current UI. Rated 3/5.
T00647,F015,Sales Call Notes,2026-08-31,SMB,quick feedback: the help articles for predictive churn alerts don't match the current ui. please advise.
T01509,F039,G2 Review,2026-05-22,Mid-Market,We use Mobile App heavily; could you add role-level visibility?
T01155,F029,G2 Review,2026-08-10,SMB,Too many steps and clicks in Role-based Permissions just to open a large account. Rated 3/5.
T01529,,Sales Call Notes,2026-06-30,Mid-Market,Mobile App is core to how we run our pipeline reviews. Rated 3/5.
T00832,F021,NPS Survey,2026-05-04,Mid-Market,Why is On-prem LDAP Connector so slow? It lags every single time we open it. Rated 3/5.
T01268,F034,Community Forum,2026-03-25,Mid-Market,"Honestly, Email Campaigns is fantastic and really valuable for our business. Please advise."
T00563,F011,Sales Call Notes,2025-10-20,SMB,"Honestly, the Pivot Table Explorer page keeps spinning, load times have gotten much worse since the last release. This is blocking our team."
T01566,F041,Sales Call Notes,2026-03-31,Mid-Market,Quick feedback: is there a way to switch off Business Card Scanner for our admins? It's unnecessary.
T00687,,Jira Service Desk,2026-07-12,Enterprise,"Hard to read Salesforce Bi-directional Sync on mobile, text is cut off. Any update on this?"
T00958,F025,Jira Service Desk,2026-01-15,Mid-Market,"Hi team, Video Meeting Recorder duplicates what our BI tool already does."
T00190,F003,Community Forum,2025-11-24,SMB,Email Sync is fantastic and really valuable for our business. Rated 3/5.
T00976,F026,Zendesk,2026-06-26,Mid-Market,"Please extend Shared Notes with multi-currency, we'd use it even more. Rated 3/5."
T00700,F017,Jira Service Desk,2026-03-07,Mid-Market,It takes way too many clicks to do anything in Salesforce Bi-directional Sync. Please advise.
T01500,F039,G2 Review,2026-01-14,SMB,ticket from admin: mobile app failed to sync overnight and the data is out of date.
T00511,F010,Community Forum,2026-04-05,Enterprise,Ticket from admin: Legacy PDF Report Exporter stopped syncing for our managers after the update.
T01083,F029,Sales Call Notes,2026-01-12,Enterprise,"Honestly, Role-based Permissions saves the marketing team hours every week. Raised by our account manager."
T00475,F009,Zendesk,2026-03-12,SMB,"Hello, Revenue Forecasting is critical for customer success, it's the main reason we renewed."
T00857,F022,Community Forum,2025-10-20,SMB,"Quick feedback: thanks to Webhooks, customer success spend far less time on manual work."
T00748,F018,Zendesk,2025-10-25,SMB,Quick feedback: Slack Notifications duplicates what Webhooks already does. This is blocking our team.
T00253,F004,Jira Service Desk,2026-05-21,Mid-Market,"FYI: no documentation for Calendar Integration, onboarding new reps is hard. Rated 3/5."
T00022,F001,Zendesk,2025-11-17,SMB,"Hello, onboarding to Contact Management is painful, the tutorial skips important steps."
T01338,F036,Community Forum,2026-02-26,Enterprise,"We have never used Social Media Scheduler in two years, not sure what it is for. Thanks!"
T00460,F008,NPS Survey,2026-08-31,Mid-Market,"Thanks to Executive Dashboards, our managers spend far less time on manual work."
T01185,F030,G2 Review,2026-01-12,Mid-Market,"Hello, would love Audit Logs to also support scheduled exports. This is blocking our team."
T00277,F005,G2 Review,2025-12-29,SMB,Quick feedback: why is Lead Scoring so slow? It lags every single time we open it. Please advise.
T00956,F025,Sales Call Notes,2025-09-25,Enterprise,"Hello, getting an error 500 in Video Meeting Recorder again when we switch accounts. Rated 3/5."
T01216,F032,Jira Service Desk,2025-09-21,Mid-Market,ticket from admin: data residency controls crashes whenever we export a report. any update on this?
T00386,F007,NPS Survey,2025-09-07,SMB,"Quick feedback: please extend Custom Report Builder with role-level visibility, we'd use it even more. Rated 3/5."
T00806,F019,Zendesk,2025-11-05,SMB,"Honestly, we have never used Zapier Connector in two years, not sure what it is for. Rated 3/5."
T01438,F039,G2 Review,2026-01-22,Mid-Market,"Quick feedback: great job on Mobile App, it's the best part of the product. Any update on this?"
T01516,F039,G2 Review,2026-03-04,Enterprise,"Ticket from admin: please extend Mobile App with custom fields, we'd use it even more. This is blocking our team."
T00344,,NPS Survey,2026-06-05,Enterprise,"Hi team, no documentation for Custom Report Builder, onboarding new reps is hard. Thanks!"
T00770,F018,Zendesk,2026-08-19,SMB,"Hi team, Slack Notifications is a huge time saver for us. This is blocking our team."
T01333,F036,Jira Service Desk,2026-06-13,Enterprise,"Honestly, Social Media Scheduler is just clutter in the navigation for RevOps. Please advise."
T00131,F003,Jira Service Desk,2026-06-15,SMB,"Great job on Email Sync, it's the best part of the product."
T00872,F023,Zendesk,2025-09-09,Mid-Market,"Honestly, the Team Inbox layout is broken on smaller screens, buttons overlap."
T01124,F029,Sales Call Notes,2026-05-17,Mid-Market,"Hello, thanks to Role-based Permissions, customer success spend far less time on manual work."
T01397,F038,G2 Review,2026-05-16,Mid-Market,"Great job on Web Forms, it's the best part of the product."
T00088,,G2 Review,2026-03-13,Mid-Market,"Navigation is confusing overall, hard to find things."
T01483,F039,Zendesk,2026-02-01,Mid-Market,"Honestly, Mobile App is great, adding scheduled exports would make it perfect. Rated 3/5."
T00331,F006,Sales Call Notes,2025-12-05,Mid-Market,Would love Activity Timeline to also support custom fields. Rated 3/5.
T01239,F034,G2 Review,2026-04-02,SMB,"Hello, Email Campaigns is critical for the finance team, it's the main reason we renewed. Rated 3/5."
T00467,F008,Sales Call Notes,2026-07-02,SMB,"Love Executive Dashboards, it cut our reporting time in half. Rated 3/5."
T00122,,Zendesk,2026-05-17,Mid-Market,"Data from Email Sync is not syncing reliably, we see stale records every morning."
T01045,F028,Jira Service Desk,2025-11-25,Enterprise,SSO / SAML is essential to our daily workflow.
T01096,F029,NPS Survey,2025-09-12,Enterprise,"Please extend Role-based Permissions with API access, we'd use it even more."
T01131,F029,G2 Review,2026-07-23,Enterprise,"Quick feedback: the Role-based Permissions layout is broken on smaller screens, buttons overlap."
T01295,F035,Sales Call Notes,2026-03-13,Enterprise,Honestly nobody on our team uses Landing Page Builder. Rated 3/5.
T00861,F022,Community Forum,2026-07-29,Mid-Market,I don't know anyone who atcually uses Webhooks.
T01460,,NPS Survey,2026-03-27,Mid-Market,Ticket from admin: Mobile App is a huge time saver for us.
T01127,,Sales Call Notes,2026-07-23,SMB,"Honestly, Role-based Permissions is sluggish during peak hours, pages take ages to render."
